Ticker,Relative Strength,Percentile,1 Month Ago,3 Months Ago,6 Months Ago,Rank
VTYX,554.28,99,99,94,95,1
SLGL,533.26,99,99,99,82,2
PRAX,519.8,99,99,98,59,3
KOD,473.92,99,99,99,93,4
GLTO,431.43,99,99,98,13,5
OLMA,418.22,99,99,92,4,6
PL,393.17,99,99,98,98,7
BE,384.11,99,99,99,94,8
NRGV,368.72,99,99,99,72,9
IRWD,365.26,99,98,82,2,10
TE,352.8,99,99,98,68,11
STTK,342.02,99,97,94,4,12
LITE,339.79,99,99,94,92,13
NBTX,338.94,99,99,99,90,14
ZEPP,335.0,99,99,99,99,15
IREN,329.56,99,99,99,98,16
PVLA,325.97,99,99,99,98,17
SATS,320.82,99,99,97,79,18
OPEN,320.51,99,99,99,95,19
WDC,307.25,99,98,96,90,20
APLD,302.4,99,98,99,96,21
HL,290.3,99,98,97,43,22
IVVD,289.96,99,98,97,68,23
FRGE,287.91,99,99,74,74,24
GPCR,285.72,99,98,72,3,25
VFF,280.51,99,99,99,95,26
TOI,279.26,99,99,99,99,27
FBRX,277.35,99,95,85,87,28
LPTH,274.17,99,98,98,93,29
TNGX,270.5,99,98,98,98,30
LPCN,270.11,99,30,18,9,31
VSAT,267.23,99,98,98,89,32
JMIA,266.68,99,98,98,85,33
ARMP,265.17,99,98,92,81,34
YI,262.19,99,83,98,99,35
MU,259.63,98,95,94,69,36
WBX,257.82,98,99,99,99,37
LASR,256.72,98,97,97,97,38
USAS,256.66,98,99,98,97,39
QBTS,256.31,98,98,99,99,40
OSS,251.5,98,94,91,97,41
ASM,250.96,98,98,98,98,42
SLS,250.87,98,89,88,89,43
RVMD,249.46,98,94,74,16,44
ZURA,246.0,98,97,93,10,45
RAPT,245.91,98,99,98,86,46
VICR,245.02,98,95,78,64,47
OVID,243.12,98,98,97,81,48
ARMN,241.1,98,98,94,92,49
SBSW,238.59,98,97,96,97,50
PRPO,237.87,98,98,96,97,51
GLSI,237.65,98,32,16,27,52
ITRG,235.74,98,98,97,86,53
VSCO,234.05,98,97,82,31,54
FEIM,233.81,98,97,94,95,55
AREC,233.52,98,97,99,93,56
TTI,232.39,98,97,95,67,57
ASYS,227.68,98,94,90,51,58
LAR,227.53,98,95,86,64,59
IBIO,227.19,98,90,10,2,60
OMER,226.96,98,96,94,3,61
WULF,226.5,98,98,98,79,62
SKYT,224.3,98,94,91,80,63
EOSE,224.17,98,99,98,94,64
FLNC,223.03,98,99,96,85,65
SOHO,222.69,98,98,38,24,66
RKLB,218.49,98,96,98,99,67
BETR,216.23,98,98,99,38,68
THM,215.39,98,97,98,96,69
OWLT,215.33,98,98,91,97,70
NUVB,215.26,97,99,88,45,71
W,214.18,97,94,93,92,72
KTOS,213.51,97,93,96,96,73
ASTS,212.62,97,97,98,98,74
UUUU,211.59,97,96,98,94,75
TYRA,211.42,97,95,70,7,76
NUTX,210.86,97,99,93,99,77
WBD,210.24,97,97,93,90,78
LQDA,210.02,97,96,91,87,79
DBI,209.82,97,97,37,12,80
ANNX,209.7,97,93,69,10,81
TMQ,209.43,97,99,99,97,82
NGD,208.66,97,95,95,90,83
REAL,207.09,97,95,93,85,84
AP,206.53,97,87,20,94,85
STOK,206.01,97,97,98,79,86
TENX,205.78,97,92,78,80,87
ENLT,205.36,97,94,92,92,88
NXTC,205.26,97,91,82,3,89
PGEN,205.22,97,97,97,76,90
AG,205.16,97,95,95,87,91
AVTX,204.48,97,98,95,28,92
LEU,204.23,97,96,99,99,93
NVTS,203.74,97,95,99,99,94
ELVA,203.27,97,94,96,95,95
PRLD,202.28,97,93,80,5,96
FOSL,202.26,97,96,94,91,97
RANI,202.24,97,95,4,0,98
GROY,201.95,97,95,95,94,99
WRN,201.88,97,95,94,71,100
EDAP,201.66,97,83,82,4,101
INDV,200.99,97,97,95,93,102
ALTO,200.34,97,95,25,40,103
SPHR,199.67,97,96,87,86,104
PZG,199.51,97,96,97,93,105
SIFY,199.43,96,96,97,92,106
LWLG,199.07,96,97,98,92,107
FTRE,198.65,96,91,82,4,108
SLI,198.05,96,97,98,94,109
LRCX,197.97,96,92,91,79,110
ALB,197.77,96,92,76,51,111
TGB,196.83,96,95,89,91,112
ZNTL,196.25,96,16,27,5,113
AU,195.69,96,96,95,91,114
OKLO,195.16,96,96,99,99,115
PSLV,194.52,96,91,88,74,116
TCMD,194.52,96,96,70,6,117
AMKR,193.98,96,95,84,23,118
NEWP,193.9,96,96,94,83,119
WLDN,193.2,96,93,93,97,120
SGHT,191.97,96,97,45,25,121
GSAT,191.85,96,98,93,80,122
SVM,190.57,96,95,92,79,123
SPRU,190.29,96,98,83,2,124
DRD,189.35,96,96,97,72,125
GH,189.1,96,97,93,80,126
LMND,188.89,96,92,89,93,127
ANAB,188.63,96,97,87,66,128
OESX,188.6,96,97,81,7,129
OMEX,188.31,96,99,99,98,130
HBM,187.66,96,93,94,79,131
TRT,187.22,96,92,76,21,132
GCT,187.06,96,94,84,84,133
IDR,187.04,96,98,97,83,134
TER,186.73,96,94,83,19,135
UAMY,185.67,96,97,99,99,136
SGML,185.25,96,89,13,4,137
TSHA,185.03,96,97,97,88,138
EXK,185.01,96,93,96,88,139
VGZ,184.82,96,97,97,84,140
IAG,184.68,95,96,96,77,141
DIBS,183.71,95,96,22,11,142
AEVA,183.47,95,97,96,99,143
BWAY,183.39,95,85,88,85,144
AEO,183.3,95,93,73,6,145
ORKA,183.11,95,96,93,38,146
NVRI,183.11,95,96,86,68,147
AMLX,182.78,95,97,98,98,148
NGL,182.57,95,94,86,57,149
UUU,182.12,95,94,98,93,150
AA,182.09,95,85,68,39,151
KGC,181.97,95,94,95,87,152
RNA,181.86,95,96,86,24,153
APYX,181.13,95,97,95,96,154
FET,181.07,95,92,88,75,155
GSIT,180.94,95,94,81,92,156
NAUT,180.87,95,96,51,2,157
IHRT,180.75,95,97,90,86,158
VTVT,180.29,95,94,79,29,159
ACMR,179.58,95,90,92,90,160
TPC,178.74,95,93,95,97,161
SVRA,178.68,95,97,78,6,162
SQM,178.29,95,91,66,46,163
MSGM,177.98,95,85,68,97,164
MTA,177.71,95,96,95,85,165
SSP,177.18,95,97,17,84,166
ESPR,177.09,95,95,93,20,167
GILT,177.05,95,91,95,86,168
AXGN,177.04,95,96,71,30,169
NERV,176.92,95,95,75,20,170
PHAT,176.67,95,93,93,83,171
IMMX,176.12,95,99,79,91,172
LCTX,176.11,95,96,97,93,173
HLF,176.03,95,93,65,89,174
ENTO,175.89,95,85,98,27,175
FIX,175.71,94,94,92,87,176
VZLA,175.26,94,94,94,91,177
GOSS,174.53,94,98,94,96,178
ISSC,174.48,94,69,68,97,179
BVN,174.36,94,92,92,76,180
RERE,174.06,94,90,81,90,181
RCUS,173.99,94,95,88,14,182
GFI,173.59,94,94,96,85,183
TXMD,173.33,94,92,24,26,184
BELFB,172.9,94,93,91,88,185
BITF,172.16,94,93,99,14,186
INTG,172.08,94,95,97,7,187
BWEN,172.05,94,93,70,78,188
EPRX,171.64,94,87,90,92,189
SND,171.4,94,95,58,16,190
GORO,170.68,94,96,96,76,191
NRT,170.39,94,87,68,62,192
AMPX,170.23,94,99,99,99,193
BELFA,170.2,94,90,85,72,194
ACHV,170.16,94,87,58,12,195
XNET,170.09,94,90,98,96,196
KSS,170.02,94,95,87,68,197
MLYS,169.88,94,96,98,41,198
LPTX,169.56,94,99,56,1,199
KLRS,169.48,94,92,56,0,200
IMNM,169.19,94,95,89,58,201
EGO,168.98,94,92,90,70,202
FULC,168.18,94,98,94,95,203
XMTR,168.08,94,91,91,90,204
NEM,167.75,94,93,92,75,205
FBIOP,167.57,94,39,59,53,206
QNCX,167.44,94,98,87,95,207
NEXA,167.36,94,87,36,7,208
OCGN,167.17,94,88,93,84,209
DAN,167.09,94,85,85,86,210
ASA,166.93,93,94,94,87,211
SLSR,166.78,93,94,89,92,212
INTC,166.47,93,91,91,38,213
UEC,166.33,93,90,96,84,214
SKE,166.26,93,94,89,94,215
MUX,166.21,93,94,96,84,216
SSRM,166.14,93,92,98,93,217
SA,165.96,93,95,94,73,218
SYM,165.48,93,94,95,96,219
ERO,165.18,93,91,89,37,220
MKSI,164.84,93,88,85,54,221
NKTR,164.23,93,99,98,94,222
TAYD,163.95,93,83,50,80,223
SKYX,163.92,93,93,63,28,224
ALNT,163.89,93,92,93,94,225
TBPH,163.88,93,91,85,70,226
APGE,163.86,93,95,81,27,227
ROIV,163.72,93,93,87,39,228
ASX,163.62,93,89,78,59,229
PPTA,163.62,93,96,95,92,230
BFLY,163.51,93,85,50,52,231
EXAS,163.16,93,95,72,25,232
PTN,163.07,93,98,2,4,233
DHC,163.05,93,87,85,86,234
FTAI,162.93,93,78,86,52,235
LTRX,162.92,93,94,89,54,236
FIVE,162.89,93,90,87,93,237
KEP,162.5,93,92,88,94,238
FBIO,162.46,93,79,87,49,239
KEN,162.16,93,93,87,95,240
BKTI,162.04,93,91,92,89,241
DBVT,161.58,93,99,99,99,242
EFXT,161.44,93,93,83,73,243
SIMO,161.31,93,81,90,88,244
PRM,161.03,93,96,89,90,245
ATI,160.62,92,90,74,93,246
VRDN,160.53,92,94,81,57,247
RIGL,160.11,92,92,89,84,248
RGTI,159.94,92,96,99,99,249
SPRO,159.74,92,91,94,98,250
PPIH,159.53,92,93,88,96,251
IONS,159.51,92,94,94,73,252
DNTH,159.47,92,91,91,19,253
ASMB,159.19,92,97,93,86,254
APP,158.92,92,91,96,97,255
ADPT,158.89,92,92,96,95,256
KYMR,158.62,92,96,88,74,257
SII,158.28,92,92,90,90,258
MNMD,158.26,92,90,90,88,259
WVE,158.17,92,95,37,42,260
BORR,158.17,92,86,54,7,261
FN,157.67,92,92,90,86,262
VERA,157.57,92,94,66,8,263
KOPN,157.43,92,89,98,96,264
ELAN,157.39,92,89,90,85,265
TXG,157.26,92,75,54,66,266
BTSG,157.21,92,92,90,83,267
RGNX,157.02,92,90,88,24,268
ATHA,156.29,92,43,30,55,269
MRCY,156.25,92,86,91,80,270
USAU,156.21,92,90,94,89,271
GTX,155.93,92,91,80,80,272
BKSY,155.6,92,87,97,98,273
IDN,155.45,92,93,86,96,274
PASG,155.43,92,67,61,3,275
MDB,155.39,92,91,84,50,276
AIP,155.2,92,94,90,77,277
AEIS,155.08,92,91,90,85,278
BTU,154.68,92,92,94,46,279
LITB,154.63,92,74,88,5,280
EYPT,154.59,91,92,83,81,281
KALU,154.57,91,88,59,85,282
NXT,154.45,91,91,93,91,283
WYY,154.41,91,87,90,17,284
SYRE,154.31,91,95,75,16,285
ALXO,153.7,91,91,96,1,286
ATXS,153.24,91,93,93,20,287
OUST,153.23,91,91,97,98,288
SABS,152.83,91,94,26,70,289
VHC,152.82,91,97,89,98,290
KRYS,152.33,91,89,71,16,291
HOOD,152.11,91,95,97,98,292
SEI,151.9,91,91,97,94,293
AEHR,151.72,91,92,95,96,294
ALAB,151.24,91,73,92,94,295
PUMP,151.14,91,92,10,17,296
WHLRP,151.13,91,67,65,70,297
RDDT,150.91,91,82,91,89,298
GIFI,150.89,91,92,60,52,299
KLAC,150.86,91,88,84,78,300
TRVI,150.67,91,98,95,96,301
MGIC,150.15,91,92,84,94,302
IMMP,150.05,91,86,69,22,303
SANM,149.71,91,93,88,82,304
NRIX,149.63,91,92,8,5,305
MATV,149.52,91,87,85,35,306
MODG,149.43,91,85,59,65,307
DOMH,149.15,91,77,97,98,308
HII,148.98,91,87,72,65,309
MIRM,148.85,91,71,90,80,310
GAU,148.32,91,89,95,55,311
NFGC,148.29,91,90,89,57,312
DMAC,148.05,91,93,86,73,313
RILY,148.0,91,18,72,67,314
ESLT,147.95,91,82,86,93,315
ENS,147.86,90,89,82,35,316
U,147.81,90,90,82,92,317
SAN,147.8,90,89,88,92,318
SY,147.78,90,97,96,99,319
ELLO,147.72,90,82,73,76,320
KRMD,147.64,90,91,80,80,321
RKT,147.49,90,71,70,75,322
ESTA,147.38,90,93,72,71,323
MRAM,147.34,90,86,91,62,324
POWL,147.3,90,86,87,71,325
IRD,147.24,90,96,92,65,326
PHAR,146.92,90,91,87,65,327
APH,146.81,90,88,89,87,328
TWIN,146.59,90,89,89,31,329
AREN,146.58,90,88,97,99,330
IVA,146.54,90,78,91,64,331
TDUP,146.28,90,96,99,99,332
AMRK,145.83,90,74,66,8,333
AMR,145.83,90,77,48,9,334
GOLD,145.83,90,74,66,8,335
EYE,145.76,90,92,93,97,336
WILC,145.46,90,90,78,91,337
PBYI,145.33,90,91,91,57,338
NBR,145.25,90,77,43,9,339
NRC,145.2,90,57,14,35,340
SNDX,145.11,90,89,75,4,341
MAMA,145.09,90,90,80,81,342
AMAT,144.99,90,89,78,51,343
PALI,144.91,90,98,87,30,344
VSEC,144.78,90,76,84,80,345
GCI,144.69,90,85,20,17,346
ZYME,144.66,90,94,82,63,347
OPXS,144.61,90,93,93,95,348
INSM,144.54,90,95,93,86,349
EQ,144.52,90,93,96,3,350
ECO,144.07,89,88,77,28,351
AXL,143.99,89,68,69,44,352
XPEL,143.89,89,86,40,47,353
SITM,143.8,89,89,88,71,354
EWTX,143.8,89,82,22,5,355
AUPH,143.79,89,90,85,79,356
ADCT,143.7,89,91,93,94,357
DY,143.66,89,91,85,89,358
EVTV,143.56,89,2,1,0,359
VIAV,143.53,89,91,80,55,360
FUTU,143.48,89,84,86,96,361
DAVE,143.19,89,87,96,99,362
PARR,143.19,89,94,91,96,363
IVZ,143.18,89,88,81,87,364
DOCN,143.15,89,84,81,14,365
GNFT,142.97,89,86,49,33,366
OIS,142.93,89,80,74,84,367
REVG,142.76,89,86,89,91,368
ARQT,142.59,89,95,90,78,369
OMCL,142.39,89,80,26,11,370
AEM,142.3,89,87,92,84,371
DG,142.3,89,87,69,74,372
IRMD,142.18,89,90,83,54,373
AMPG,141.98,89,74,95,96,374
STRT,141.8,89,88,85,96,375
SHLS,141.73,89,93,95,85,376
ACRS,141.47,89,93,82,73,377
NXE,141.45,89,79,83,63,378
PI,141.32,89,54,91,38,379
BKD,141.23,89,90,81,75,380
EXPE,140.99,89,87,75,75,381
SCHL,140.82,89,78,83,56,382
DNN,140.82,89,80,90,77,383
DGXX,140.8,89,89,95,98,384
ACIU,140.76,89,81,82,42,385
LUMN,140.6,88,91,88,89,386
NEPH,140.43,88,96,97,96,387
IHS,140.42,88,88,88,93,388
GM,140.33,88,89,65,55,389
AXSM,140.19,88,83,74,53,390
ANVS,140.15,88,90,11,19,391
MT,140.13,88,88,83,86,392
BTE,140.12,88,79,50,23,393
PGY,139.97,88,82,94,98,394
HLIO,139.93,88,80,85,43,395
LBRT,139.89,88,88,17,12,396
MEDP,139.88,88,88,89,80,397
BGSF,139.7,88,72,40,83,398
TFPM,139.68,88,90,90,82,399
GLW,139.67,88,90,92,74,400
ODV,139.3,88,95,92,85,401
MP,139.13,88,92,98,98,402
BH,139.04,88,78,87,91,403
TLPH,139.03,88,93,95,4,404
AVAV,139.0,88,81,92,92,405
DLTR,139.0,88,90,60,87,406
HLLY,138.91,88,90,72,28,407
ASML,138.76,88,85,84,30,408
LIVE,138.72,88,74,85,86,409
M,138.7,88,91,84,32,410
EKSO,138.55,88,33,13,1,411
SHOO,138.38,88,88,72,17,412
FTI,138.17,88,85,72,76,413
TLS,138.13,88,88,96,18,414
VPG,138.09,88,85,86,72,415
PLAB,138.06,88,91,63,18,416
FDMT,138.0,88,95,95,20,417
VNET,137.97,88,82,90,97,418
FSM,137.88,88,89,91,82,419
DUOT,137.79,88,88,84,94,420
BIDU,137.71,87,73,83,43,421
TIGO,137.59,87,90,87,91,422
PLTR,137.36,87,91,95,98,423
MYE,137.31,87,85,81,84,424
PSNL,137.24,87,94,95,93,425
VERI,137.23,87,97,96,34,426
AGI,137.19,87,87,89,69,427
NAK,137.03,87,98,98,91,428
TPR,136.98,87,88,90,96,429
SEB,136.84,87,87,73,62,430
AMG,136.77,87,86,74,72,431
ATAI,136.71,87,95,98,98,432
SMRT,136.69,87,90,80,13,433
RCKY,136.61,87,83,79,72,434
WPM,136.39,87,85,87,86,435
MD,136.32,87,89,75,65,436
DIN,136.26,87,84,69,36,437
PAHC,136.24,87,87,90,90,438
AAOI,136.19,87,81,88,95,439
BCS,136.15,87,86,79,87,440
PLG,136.12,87,92,92,74,441
MG,136.06,87,84,51,12,442
TPB,136.03,87,85,87,92,443
SMTC,135.99,87,86,89,88,444
AAME,135.96,87,76,92,88,445
WFRD,135.85,87,81,53,26,446
MSGE,135.81,87,87,67,64,447
VLRS,135.68,87,80,81,19,448
IESC,135.62,87,92,88,91,449
IDYA,135.47,87,88,75,29,450
AGX,135.26,87,94,92,94,451
VNDA,135.21,87,83,65,38,452
ILMN,134.92,87,82,29,38,453
PRIM,134.92,87,88,93,88,454
AMRX,134.81,87,85,73,41,455
BC,134.79,86,68,51,54,456
ONTO,134.68,86,77,48,2,457
FTK,134.66,86,89,93,96,458
AAMI,134.58,86,85,87,90,459
LTBR,134.51,86,89,99,98,460
TMDX,134.45,86,84,77,64,461
ORLA,134.28,86,87,91,96,462
WWD,134.21,86,86,74,89,463
AMRC,134.18,86,89,96,75,464
FORTY,134.11,86,89,86,90,465
ZIM,134.09,86,75,30,78,466
OR,134.06,86,86,91,86,467
KMT,133.98,86,83,35,67,468
AVAH,133.88,86,88,95,16,469
THR,133.71,86,86,36,35,470
SOFI,133.69,86,89,92,96,471
LCII,133.68,86,78,25,50,472
LIND,133.67,86,69,62,82,473
GDS,133.35,86,71,77,96,474
MSB,133.3,86,83,75,81,475
LC,133.26,86,87,73,63,476
AMD,133.25,86,90,92,85,477
IPX,133.24,86,65,93,95,478
LAUR,133.18,86,85,86,81,479
AENT,133.15,86,88,86,96,480
LSCC,133.07,86,77,83,43,481
AVAL,132.9,86,88,86,79,482
FHTX,132.7,86,25,14,73,483
NPCE,132.68,86,89,66,39,484
EVC,132.62,86,87,33,75,485
HMY,132.59,86,90,91,75,486
ENVA,132.53,86,89,52,80,487
URGN,132.47,86,89,82,92,488
KNOP,132.43,86,90,81,57,489
NMR,132.38,86,77,72,73,490
NGVT,132.37,85,72,83,76,491
GLDG,132.28,85,88,93,26,492
VRCA,132.26,85,85,3,20,493
XERS,132.21,85,86,96,91,494
MFG,132.2,85,78,75,82,495
DB,132.2,85,86,88,91,496
PTGX,131.86,85,94,89,79,497
REZI,131.85,85,85,94,81,498
ZUMZ,131.83,85,93,81,24,499
GSL,131.82,85,83,73,83,500
BCH,131.78,85,87,77,63,501
GPRE,131.67,85,75,89,87,502
INVX,131.66,85,83,62,41,503
AYTU,131.53,85,80,79,93,504
PSIX,131.38,85,83,96,99,505
TVTX,131.07,85,93,90,47,506
ARRY,131.05,85,75,83,69,507
FCX,130.99,85,60,43,60,508
BWMX,130.95,85,79,80,17,509
KLIC,130.84,85,72,55,18,510
ONIT,130.78,85,73,60,76,511
RGLD,130.78,85,78,80,37,512
HCSG,130.78,85,86,84,77,513
BWXT,130.7,85,79,91,78,514
BAP,130.64,85,80,79,84,515
BILI,130.63,85,51,81,88,516
LYG,130.48,85,83,79,81,517
VOXR,130.42,85,92,87,60,518
KE,130.36,85,85,90,63,519
STRL,130.35,85,90,93,93,520
APPS,130.34,85,88,94,96,521
EL,130.14,85,82,76,74,522
EGAN,130.05,85,90,96,70,523
HP,130.04,85,80,60,3,524
TV,130.0,85,84,75,74,525
MNPR,129.91,84,96,99,99,526
DYN,129.75,84,82,84,2,527
LDI,129.59,84,71,92,84,528
LUNR,129.53,84,77,65,94,529
QIPT,129.51,84,53,52,13,530
RIG,129.5,84,71,57,32,531
ORMP,129.42,84,82,45,29,532
PLPC,129.4,84,87,90,57,533
NEOG,129.38,84,44,30,3,534
HSAI,129.29,84,46,95,98,535
ONTF,129.2,84,47,38,26,536
FLS,129.17,84,83,34,57,537
OUT,129.14,84,84,50,64,538
PUK,129.07,84,81,82,85,539
YETI,129.0,84,76,31,68,540
PHIN,128.89,84,68,66,54,541
ILPT,128.88,84,78,83,91,542
DJCO,128.86,84,66,41,23,543
DAO,128.85,84,52,89,90,544
GS,128.81,84,84,77,84,545
GALT,128.77,84,98,97,94,546
HUYA,128.68,84,73,67,94,547
UAN,128.67,84,76,72,72,548
ZETA,128.59,84,57,57,34,549
RIVN,128.55,84,85,46,62,550
MLI,128.42,84,82,76,72,551
ENGN,128.42,84,91,92,4,552
XPRO,128.25,84,77,72,7,553
HTHT,128.17,84,84,64,36,554
DD,127.91,84,80,53,47,555
WCC,127.81,84,84,71,76,556
APG,127.78,84,82,77,87,557
NAII,127.72,84,27,9,34,558
IMVT,127.71,84,88,21,20,559
DVAX,127.61,84,38,21,38,560
NVT,127.57,83,83,86,70,561
SHC,127.54,83,76,82,23,562
SNBR,127.46,83,28,10,30,563
KPTI,127.45,83,59,51,2,564
ULTA,127.33,83,82,77,81,565
SOPH,127.16,83,88,82,38,566
NWPX,127.06,83,84,70,31,567
BSAC,126.99,83,83,78,63,568
GPRO,126.91,83,86,96,95,569
HAL,126.79,83,72,25,15,570
SHOP,126.71,83,84,87,88,571
III,126.68,83,86,85,87,572
TNL,126.6,83,83,73,84,573
MYRG,126.52,83,85,84,89,574
DENN,126.51,83,79,63,26,575
VTRS,126.44,83,72,58,33,576
PTCT,126.33,83,84,86,57,577
MTW,126.31,83,78,59,88,578
ACLS,126.19,83,65,73,61,579
BBW,126.17,83,49,80,92,580
PROF,126.03,83,83,27,20,581
ORN,125.74,83,87,76,73,582
MOFG,125.73,83,86,31,45,583
VECO,125.69,83,76,77,12,584
TRDA,125.68,83,88,7,1,585
DOOO,125.63,83,88,85,64,586
DCO,125.56,83,77,77,89,587
BEAT,125.56,83,80,53,3,588
MIND,125.5,83,71,90,87,589
DBRG,125.48,83,80,66,41,590
JKS,125.48,83,58,68,86,591
FLGT,125.47,83,83,75,30,592
PESI,125.43,83,90,64,73,593
SSL,125.33,83,64,69,55,594
MRVI,125.25,83,74,72,6,595
HSBC,125.24,82,79,76,84,596
NGS,125.22,82,79,66,68,597
RMBS,125.2,82,84,92,81,598
NAT,125.16,82,74,73,34,599
MCY,125.15,82,84,79,78,600
ESP,125.11,82,73,52,95,601
SSSS,125.07,82,83,85,95,602
SANA,124.94,82,94,91,95,603
MGA,124.86,82,77,68,66,604
ORA,124.84,82,85,84,77,605
QXO,124.75,82,72,66,86,606
TCI,124.7,82,85,81,88,607
DTI,124.58,82,32,19,12,608
SIF,124.51,82,91,93,92,609
FNV,124.49,82,81,86,63,610
SNCY,124.36,82,62,37,62,611
FLEX,124.36,82,89,87,91,612
PAX,124.35,82,74,75,75,613
WGO,124.34,82,56,16,8,614
HWM,124.3,82,81,83,93,615
IZEA,124.25,82,93,94,95,616
FLNT,124.18,82,48,22,20,617
MOV,124.15,82,73,64,39,618
EXPD,124.11,82,78,51,39,619
PII,124.06,82,83,82,58,620
GE,124.02,82,82,84,87,621
LGND,123.98,82,87,87,78,622
AGEN,123.95,82,65,53,92,623
IMTX,123.9,82,92,91,42,624
BABA,123.9,82,74,88,78,625
UCTT,123.9,82,40,55,11,626
LNW,123.9,82,57,16,56,627
BWA,123.75,82,77,80,71,628
PDS,123.74,82,78,46,31,629
ALGT,123.73,82,84,65,28,630
DXR,123.72,81,79,87,64,631
SMFG,123.7,81,72,62,66,632
ARDX,123.65,81,70,46,12,633
INCY,123.61,81,80,79,57,634
DBD,123.5,81,80,67,84,635
ECPG,123.47,81,80,46,30,636
APEI,123.44,81,83,90,90,637
ANDE,123.4,81,82,68,15,638
BMA,123.37,81,87,5,14,639
LION,123.34,81,66,25,24,640
PBT,123.3,81,81,86,70,641
TSAT,123.29,81,88,91,97,642
ATEC,123.28,81,93,89,64,643
VFC,123.26,81,80,40,17,644
ATMU,123.26,81,80,69,51,645
HROW,123.25,81,85,57,76,646
MTRN,123.17,81,79,81,40,647
SONO,123.02,81,86,87,34,648
AHR,122.95,81,85,82,91,649
GGB,122.82,81,67,64,52,650
ACAD,122.82,81,81,66,88,651
JOUT,122.79,81,78,83,68,652
PH,122.72,81,79,61,72,653
TEL,122.67,81,83,85,86,654
PBF,122.57,81,66,73,48,655
ZKIN,122.56,81,84,96,99,656
TALK,122.54,81,78,56,28,657
WRBY,122.54,81,66,58,88,658
NOV,122.46,81,70,31,32,659
URG,122.43,81,57,89,83,660
FRAF,122.3,81,87,74,80,661
GEV,122.27,81,89,88,97,662
EVR,122.26,81,74,74,81,663
FRO,122.25,81,76,78,45,664
TD,122.15,81,86,76,81,665
SFST,122.11,80,85,61,78,666
RYTM,122.01,80,92,91,91,667
RVLV,121.98,80,66,23,35,668
KROS,121.96,80,80,23,7,669
NEO,121.96,80,79,67,2,670
MTZ,121.92,80,86,83,89,671
DLX,121.91,80,78,53,28,672
OSK,121.88,80,68,80,84,673
ROK,121.78,80,82,71,85,674
AEF,121.77,80,77,77,76,675
TPCS,121.76,80,68,89,70,676
GMED,121.69,80,83,23,5,677
JOE,121.66,80,81,38,39,678
ECVT,121.59,80,65,60,79,679
STRS,121.53,80,68,39,17,680
VRA,121.53,80,12,15,8,681
DK,121.46,80,90,92,91,682
TREE,121.44,80,52,80,11,683
SEMR,121.41,80,81,6,11,684
RTX,121.4,80,79,69,83,685
NWG,121.4,80,81,79,82,686
NRIM,121.36,80,82,36,83,687
SBH,121.36,80,84,86,43,688
POWW,121.31,80,88,69,10,689
MEC,121.26,80,76,13,43,690
IX,121.25,80,74,67,58,691
PLOW,121.17,80,73,69,73,692
LVS,121.06,80,84,63,73,693
BLDP,121.05,80,89,96,86,694
GMAB,121.04,80,81,87,41,695
BBAR,120.96,80,82,3,45,696
RPID,120.96,80,93,91,99,697
PFSI,120.96,80,73,64,27,698
UBS,120.89,80,75,70,75,699
AVGO,120.89,80,88,89,90,700
MS,120.84,79,83,77,75,701
RBC,120.82,79,78,59,76,702
HXL,120.59,79,74,46,52,703
ITUB,120.51,79,78,74,71,704
BAER,120.5,79,27,16,12,705
MITT,120.41,79,71,51,72,706
EVLV,120.38,79,85,93,95,707
NMM,120.35,79,66,54,38,708
TLN,120.23,79,79,92,95,709
IVR,120.13,79,61,51,46,710
RIO,120.12,79,75,66,48,711
NYAX,120.1,79,67,76,88,712
AIR,120.02,79,69,73,82,713
BK,120.01,79,80,76,83,714
PDFS,119.92,79,85,68,34,715
FOXA,119.85,79,83,66,78,716
INNV,119.8,79,78,85,40,717
ADI,119.8,79,75,62,55,718
BLFY,119.78,79,82,26,22,719
ABL,119.77,79,75,17,3,720
MRNA,119.77,79,42,14,16,721
ROKU,119.76,79,78,73,81,722
TNK,119.72,79,72,71,37,723
MDGL,119.66,79,91,88,51,724
MEOH,119.48,79,41,40,19,725
GLBS,119.46,79,76,44,10,726
ATNI,119.43,79,81,14,32,727
EZPW,119.42,79,87,83,57,728
NYT,119.42,79,76,53,35,729
LUV,119.34,79,80,53,84,730
KFFB,119.28,79,89,71,47,731
BLD,119.2,79,76,75,51,732
LLY,119.16,79,81,45,26,733
VOD,119.13,79,77,70,78,734
HAS,118.98,79,74,65,83,735
SN,118.94,78,63,27,86,736
JBL,118.93,78,82,77,93,737
FRST,118.92,78,78,23,70,738
HVT,118.9,78,65,35,46,739
ACNT,118.86,78,77,49,70,740
SBET,118.85,78,65,95,99,741
SD,118.81,78,80,56,26,742
TX,118.7,78,70,71,55,743
ONC,118.66,78,73,78,85,744
UTHR,118.61,78,86,82,22,745
HRTG,118.59,78,91,87,95,746
BWFG,118.57,78,84,76,81,747
JLL,118.51,78,73,71,52,748
UPWK,118.48,78,86,77,54,749
PACB,118.47,78,89,67,59,750
BANC,118.45,78,81,53,46,751
IBEX,118.42,78,82,86,90,752
DCI,118.41,78,77,70,42,753
FOX,118.37,78,79,62,77,754
TCX,118.31,78,71,33,70,755
UONEK,118.31,78,67,22,14,756
DGII,118.29,78,84,75,68,757
AORT,118.27,78,87,86,68,758
LHX,118.24,78,67,70,70,759
APCX,118.22,78,90,1,1,760
HE,118.21,78,49,57,37,761
KAR,118.2,78,72,78,86,762
TLK,118.09,78,77,61,53,763
BBD,118.09,78,82,82,82,764
BSBR,118.08,78,72,64,45,765
DDL,118.05,78,14,7,18,766
HTBK,118.01,78,77,42,56,767
SFIX,118.01,78,64,49,89,768
OI,117.9,78,74,35,80,769
F,117.84,78,82,65,55,770
JAZZ,117.77,77,83,69,46,771
SXI,117.76,77,75,85,35,772
SOHU,117.76,77,56,65,83,773
FER,117.73,77,84,82,74,774
DERM,117.7,77,76,78,81,775
GAP,117.65,77,72,41,28,776
RAIL,117.58,77,69,51,95,777
WNEB,117.55,77,81,70,80,778
VINP,117.54,77,81,67,40,779
PPSI,117.51,77,60,79,47,780
SWKH,117.5,77,87,84,89,781
TBLA,117.49,77,68,24,44,782
STT,117.44,77,80,69,78,783
LEA,117.43,77,66,51,65,784
WHWK,117.4,77,61,78,57,785
KVHI,117.22,77,74,52,45,786
BJRI,117.21,77,68,18,64,787
ADEA,117.2,77,27,78,62,788
DLPN,117.1,77,83,73,59,789
PHYS,117.04,77,81,83,68,790
TEN,117.01,77,75,67,53,791
GCO,116.99,77,18,64,30,792
SYNA,116.95,77,58,52,35,793
OSIS,116.91,77,72,80,84,794
PLBY,116.85,77,83,66,96,795
ISTR,116.83,77,83,57,70,796
NUS,116.74,77,70,88,90,797
KEYS,116.67,77,78,48,61,798
FDX,116.59,77,71,42,27,799
EC,116.58,77,57,56,49,800
SB,116.55,77,74,67,64,801
KZR,116.54,77,83,13,7,802
TILE,116.49,77,70,80,54,803
SEE,116.48,77,80,60,35,804
WKEY,116.4,77,93,94,95,805
IQV,116.39,76,73,69,42,806
GSK,116.34,76,79,74,44,807
GVA,116.31,76,75,71,73,808
KW,116.25,76,71,39,25,809
RIOT,116.24,76,81,93,90,810
VXRT,116.18,76,11,8,10,811
BOTJ,116.14,76,75,65,41,812
MUFG,116.07,76,66,74,77,813
AER,116.06,76,78,68,65,814
MCHP,116.03,76,58,60,77,815
INTR,115.99,76,76,86,59,816
BNS,115.98,76,80,74,68,817
VLO,115.88,76,69,70,66,818
ALHC,115.81,76,81,76,19,819
SNDA,115.8,76,75,62,40,820
ALLT,115.8,76,84,91,93,821
TRMD,115.75,76,54,60,22,822
SUPN,115.69,76,78,85,36,823
HURN,115.52,76,81,66,51,824
GNK,115.51,76,71,64,59,825
LINC,115.47,76,68,74,89,826
ABUS,115.47,76,75,81,21,827
ENIC,115.47,76,70,75,62,828
GRC,115.45,76,76,76,43,829
APTV,115.45,76,62,79,67,830
AGNC,115.43,76,63,65,54,831
NOK,115.39,76,81,74,31,832
ELPC,115.36,76,84,78,80,833
HCA,115.33,76,84,70,40,834
BBU,115.3,76,86,86,70,835
SPXC,115.25,76,84,67,72,836
APA,115.23,76,72,68,25,837
PATK,115.22,76,74,58,68,838
BG,115.21,76,65,72,20,839
AMBP,115.2,76,76,65,91,840
VCYT,115.15,75,82,73,7,841
TALO,115.14,75,72,47,26,842
LIXT,115.14,75,96,94,98,843
BBAI,115.12,75,89,96,99,844
REX,115.06,75,86,83,80,845
HUBG,115.04,75,61,37,21,846
TEX,115.04,75,56,70,65,847
RYAAY,115.02,75,84,76,87,848
NTRS,114.93,75,76,70,83,849
ROG,114.91,75,63,69,13,850
PROK,114.91,75,86,92,98,851
PSMT,114.9,75,77,76,62,852
OMF,114.87,75,80,55,75,853
KEX,114.85,75,63,9,50,854
TRST,114.83,75,81,55,64,855
INOD,114.77,75,52,97,95,856
RYI,114.73,75,63,47,60,857
IFS,114.67,75,69,77,83,858
RY,114.66,75,79,69,64,859
ZDGE,114.63,75,32,37,94,860
NHC,114.61,75,80,73,21,861
NEWT,114.54,75,46,24,38,862
HI,114.5,75,79,80,11,863
BOOT,114.43,75,85,79,87,864
HFBL,114.39,75,86,55,44,865
HAE,114.35,75,83,7,45,866
AMPY,114.25,75,63,71,33,867
IRON,114.24,75,90,83,76,868
HOFT,114.22,75,36,14,32,869
HNRG,114.19,75,88,88,87,870
ITRN,114.15,75,81,66,83,871
GRNQ,114.15,75,87,62,97,872
MNST,114.09,75,74,75,53,873
AZZ,114.05,75,57,56,83,874
ATAT,114.0,75,81,78,91,875
BIIB,113.97,74,73,51,15,876
SKY,113.96,74,56,25,8,877
IMAX,113.95,74,83,78,82,878
LOMA,113.9,74,82,10,66,879
SOHOO,113.89,74,79,4,31,880
ZGN,113.86,74,73,74,63,881
WMS,113.77,74,69,69,20,882
PEBK,113.76,74,77,45,56,883
PRLB,113.69,74,74,87,68,884
MBI,113.68,74,79,83,51,885
JNJ,113.66,74,82,73,57,886
ST,113.65,74,68,64,75,887
STLD,113.57,74,80,62,43,888
WSBF,113.53,74,73,61,51,889
GASS,113.52,74,64,49,65,890
MUR,113.48,74,77,52,31,891
OVBC,113.46,74,82,74,81,892
WHD,113.46,74,42,8,27,893
MNRO,113.42,74,72,45,17,894
LFST,113.41,74,70,23,4,895
SDRL,113.4,74,42,44,42,896
SCOR,113.37,74,53,79,15,897
DWSN,113.35,74,52,78,41,898
EPAM,113.35,74,69,13,21,899
PAC,113.29,74,72,64,74,900
BHF,113.24,74,79,24,35,901
HASI,113.2,74,69,60,43,902
RTO,113.15,74,70,65,40,903
UI,113.14,74,84,95,93,904
MRKR,113.08,74,57,3,12,905
GNL,113.03,74,64,59,28,906
BTI,113.01,74,78,75,88,907
NLY,113.0,74,66,64,62,908
AFRM,112.95,74,39,76,90,909
LYFT,112.72,73,79,86,67,910
SRTS,112.72,73,24,4,11,911
IDCC,112.71,73,87,93,87,912
VMI,112.71,73,73,78,71,913
TWO,112.64,73,34,27,20,914
AZN,112.6,73,73,72,38,915
TKR,112.6,73,67,38,58,916
AS,112.59,73,70,64,96,917
ATLO,112.55,73,82,63,45,918
REGN,112.53,73,73,22,8,919
RCAT,112.53,73,36,94,98,920
VUZI,112.46,73,51,94,88,921
MRK,112.41,73,68,34,18,922
GLDD,112.4,73,74,46,61,923
PLUS,112.34,73,78,38,17,924
SEZL,112.28,73,47,80,99,925
FSLY,112.26,73,74,62,48,926
ELVN,112.26,73,16,43,44,927
API,112.19,73,28,45,82,928
STRO,112.17,73,33,26,2,929
ARR,112.14,73,58,42,43,930
IRS,112.09,73,64,15,73,931
IBKR,112.08,73,75,84,92,932
DQ,112.03,73,90,86,88,933
ASTE,111.99,73,63,82,67,934
WS,111.97,73,67,43,61,935
DAKT,111.86,73,57,79,69,936
GES,111.84,73,71,80,46,937
MRBK,111.78,73,73,41,60,938
LFUS,111.76,73,57,75,60,939
NVGS,111.72,73,65,38,63,940
KB,111.71,73,73,69,86,941
KNX,111.7,73,68,44,33,942
RYAM,111.66,73,45,81,8,943
RES,111.58,73,63,13,17,944
PLYM,111.55,73,70,81,21,945
EME,111.43,72,75,84,85,946
SU,111.42,72,59,47,52,947
IMO,111.39,72,63,66,71,948
PKBK,111.35,72,76,39,65,949
KWR,111.29,72,49,53,28,950
UGP,111.28,72,66,78,20,951
FIBK,111.25,72,71,42,43,952
MYFW,111.22,72,72,52,80,953
FWRD,111.2,72,35,13,84,954
BHC,111.12,72,45,25,39,955
TKO,111.12,72,77,76,76,956
DHIL,111.06,72,74,30,53,957
TYGO,111.02,72,84,96,81,958
VLY,111.01,72,76,56,59,959
TSLA,111.01,72,81,85,76,960
OII,111.0,72,61,48,43,961
RRR,110.99,72,70,72,68,962
JAMF,110.98,72,58,28,3,963
EVER,110.91,72,70,20,70,964
KEY,110.86,72,74,41,73,965
UAL,110.85,72,70,71,81,966
SRRK,110.84,72,84,14,94,967
DAL,110.75,72,80,64,66,968
PSTL,110.72,72,56,60,56,969
MIST,110.71,72,75,84,62,970
RMCF,110.69,72,32,18,63,971
SINT,110.69,72,49,88,23,972
VVX,110.68,72,48,61,22,973
NTB,110.67,72,78,48,72,974
RRBI,110.62,72,77,66,72,975
NATL,110.61,72,70,79,26,976
SID,110.57,72,58,39,24,977
WDH,110.56,72,72,80,91,978
ALEX,110.54,72,67,32,45,979
UMC,110.54,72,67,55,62,980
SMP,110.52,71,67,81,72,981
BCO,110.51,71,74,68,28,982
PCAR,110.5,71,58,37,39,983
PAGS,110.5,71,66,64,24,984
MMS,110.45,71,62,62,24,985
NMRK,110.42,71,69,84,52,986
VAL,110.4,71,66,59,69,987
JBTM,110.4,71,72,70,80,988
UFCS,110.38,71,75,72,65,989
TECK,110.37,71,49,62,24,990
BFH,110.32,71,81,49,76,991
SUPV,110.32,71,83,2,24,992
BA,110.31,71,56,66,85,993
THC,110.28,71,78,80,68,994
QVCGA,110.27,71,88,97,0,995
MPAA,110.07,71,69,93,92,996
SNCR,110.06,71,64,3,6,997
HEI,110.04,71,54,62,82,998
ULS,110.02,71,80,78,83,999
NDSN,110.02,71,50,58,41,1000
E,110.0,71,70,64,71,1001
TOL,109.96,71,60,62,45,1002
SOHOB,109.88,71,78,5,31,1003
GHC,109.85,71,59,56,46,1004
FCFS,109.85,71,79,79,66,1005
PKX,109.84,71,57,35,70,1006
ACA,109.83,71,72,48,42,1007
SPLP,109.8,71,65,50,51,1008
VIPS,109.78,71,76,80,75,1009
OPRX,109.71,71,83,97,95,1010
RDIB,109.7,71,74,79,69,1011
GRWG,109.69,71,86,81,16,1012
VSTA,109.67,71,84,86,78,1013
NVST,109.65,71,61,57,70,1014
TRS,109.62,71,63,83,82,1015
ASND,109.59,70,79,82,71,1016
BHR,109.59,70,32,64,44,1017
WFC,109.54,70,76,68,77,1018
BTG,109.53,70,80,93,69,1019
WELL,109.53,70,77,71,74,1020
EA,109.51,70,79,81,49,1021
STEP,109.49,70,61,57,66,1022
HG,109.49,70,81,70,69,1023
MAR,109.28,70,63,41,56,1024
EBMT,109.26,70,66,45,54,1025
MVBF,109.24,70,82,77,81,1026
PACK,109.16,70,60,76,8,1027
MESO,109.15,70,85,84,90,1028
RMT,109.12,70,67,69,57,1029
GXO,109.1,70,64,68,66,1030
OLPX,109.09,70,19,12,52,1031
AAL,109.07,70,70,33,57,1032
SSBI,109.05,70,69,79,87,1033
VNCE,109.03,70,92,90,15,1034
LXU,109.01,70,59,56,75,1035
PWR,108.94,70,80,79,85,1036
MATX,108.92,70,45,15,20,1037
BRBS,108.89,70,82,75,78,1038
THFF,108.88,70,76,56,75,1039
DHT,108.88,70,61,61,45,1040
NRDS,108.83,70,82,38,28,1041
MXC,108.76,70,50,49,16,1042
BHP,108.74,70,65,57,53,1043
HIVE,108.73,70,64,97,25,1044
IONR,108.72,70,77,84,11,1045
GGAL,108.72,70,66,3,36,1046
BCTX,108.71,70,11,88,17,1047
BEPC,108.7,70,77,82,84,1048
TMO,108.7,70,71,65,20,1049
NVDA,108.69,70,70,80,87,1050
DLO,108.66,69,74,88,79,1051
AX,108.61,69,60,49,79,1052
NKSH,108.6,69,72,45,50,1053
BKU,108.6,69,78,37,60,1054
EBAY,108.59,69,64,78,81,1055
METC,108.58,69,61,99,97,1056
NE,108.53,69,49,49,50,1057
WWR,108.51,69,89,98,88,1058
ALV,108.44,69,63,73,76,1059
LXP,108.4,69,64,65,32,1060
PLXS,108.39,69,66,57,34,1061
KURA,108.38,69,79,81,5,1062
UVE,108.36,69,86,76,74,1063
PAYS,108.34,69,85,85,98,1064
ISPO,108.31,69,15,9,9,1065
GEF,108.3,69,62,37,67,1066
SYF,108.29,69,80,68,83,1067
ESE,108.28,69,65,83,86,1068
FSBC,108.19,69,76,56,48,1069
GIL,108.15,69,72,76,71,1070
JHG,108.14,69,62,61,71,1071
KN,108.09,69,71,81,58,1072
INFU,108.08,69,69,87,28,1073
RBB,108.07,69,71,25,42,1074
VIV,107.96,69,71,77,77,1075
XTNT,107.86,69,84,77,68,1076
TCBI,107.83,69,69,34,74,1077
BHE,107.82,69,68,44,32,1078
BEN,107.82,69,55,58,78,1079
TWLO,107.77,69,77,52,93,1080
ORC,107.76,69,52,61,47,1081
JRVR,107.74,69,85,36,53,1082
ASH,107.73,69,55,16,9,1083
SYPR,107.71,69,68,58,64,1084
ANF,107.71,69,77,5,17,1085
BSRR,107.66,68,70,32,63,1086
NWE,107.58,68,78,59,28,1087
RAVE,107.58,68,31,50,68,1088
NSSC,107.55,68,77,84,32,1089
SBLK,107.5,68,52,52,67,1090
FBNC,107.49,68,67,54,66,1091
USB,107.46,68,69,49,50,1092
TEO,107.45,68,79,13,33,1093
MAT,107.43,68,56,40,67,1094
THRM,107.43,68,57,51,26,1095
LNC,107.43,68,79,69,61,1096
ETO,107.41,68,62,59,63,1097
BKH,107.4,68,77,55,29,1098
HGTY,107.38,68,72,66,48,1099
LE,107.37,68,73,73,63,1100
NVS,107.32,68,68,71,57,1101
REPL,107.29,68,76,1,0,1102
WT,107.27,68,52,74,87,1103
HRI,107.25,68,64,26,41,1104
MXL,107.23,68,67,69,38,1105
RF,107.21,68,68,42,73,1106
BAC,107.2,68,72,67,67,1107
NC,107.18,68,85,79,77,1108
IRIX,107.15,68,12,12,23,1109
DAC,107.09,68,58,50,65,1110
ON,107.04,68,52,41,69,1111
WMT,107.03,68,73,67,59,1112
ABCB,107.03,68,70,61,58,1113
FCAP,107.02,68,91,54,50,1114
LGCY,107.0,68,51,67,95,1115
BMO,106.97,68,71,74,76,1116
SBS,106.97,68,80,81,71,1117
QURE,106.97,68,81,99,90,1118
FUND,106.96,68,65,65,54,1119
PEGA,106.94,68,74,75,88,1120
EWBC,106.86,67,66,40,72,1121
PIPR,106.83,67,71,67,74,1122
HAFC,106.82,67,76,44,50,1123
DAR,106.81,67,53,24,51,1124
PLD,106.81,67,69,62,33,1125
AL,106.8,67,68,80,79,1126
AWI,106.79,67,63,80,73,1127
WYNN,106.77,67,76,76,78,1128
ZWS,106.75,67,69,78,54,1129
DOUG,106.75,67,68,74,94,1130
ITT,106.72,67,58,66,62,1131
BRKR,106.69,67,62,21,10,1132
GGN,106.69,67,70,74,59,1133
NCSM,106.68,67,72,85,79,1134
GDOT,106.67,67,77,77,67,1135
HBCP,106.65,67,73,53,75,1136
DKL,106.65,67,59,58,68,1137
GD,106.62,67,69,66,63,1138
RSI,106.58,67,79,87,77,1139
XHR,106.55,67,54,47,53,1140
FCCO,106.53,67,75,68,59,1141
DX,106.5,67,66,67,61,1142
H,106.46,67,65,48,56,1143
TPG,106.4,67,69,43,53,1144
NXST,106.34,67,65,67,73,1145
OMAB,106.3,67,75,72,87,1146
FERG,106.3,67,61,73,76,1147
MCB,106.19,67,71,60,81,1148
MTD,106.13,67,61,63,41,1149
GEL,106.13,67,61,59,79,1150
ABEV,106.12,67,60,47,63,1151
ESI,106.11,67,48,56,46,1152
SNEX,106.1,67,70,78,86,1153
TJX,106.03,67,74,67,45,1154
XNCR,106.01,67,89,75,3,1155
NTES,105.98,66,64,83,89,1156
VIST,105.95,66,59,9,16,1157
GOOS,105.92,66,64,70,90,1158
KRNY,105.91,66,73,44,35,1159
FR,105.87,66,64,57,38,1160
LECO,105.83,66,66,71,67,1161
RPRX,105.75,66,72,64,73,1162
NVCT,105.74,66,65,17,34,1163
OPCH,105.73,66,68,23,27,1164
PDLB,105.67,66,75,59,72,1165
BVFL,105.63,66,71,28,46,1166
MFC,105.63,66,65,52,54,1167
SLDB,105.58,66,62,84,90,1168
IRTC,105.54,66,82,92,89,1169
POET,105.52,66,86,88,92,1170
ICHR,105.51,66,20,33,12,1171
RDVT,105.51,66,72,85,86,1172
KOF,105.49,66,55,38,30,1173
PSTG,105.48,66,61,91,51,1174
TTC,105.48,66,35,38,29,1175
TNDM,105.47,66,76,9,3,1176
ADNT,105.46,66,35,78,87,1177
NTCT,105.42,66,68,69,55,1178
SHBI,105.41,66,73,47,72,1179
BCAL,105.4,66,74,55,68,1180
HST,105.36,66,61,47,49,1181
PYXS,105.28,66,98,97,5,1182
BKE,105.27,66,70,75,82,1183
LPG,105.26,66,36,51,72,1184
FXNC,105.25,66,68,57,60,1185
SNDR,105.24,66,55,26,41,1186
BPOP,105.24,66,67,62,69,1187
FFIC,105.24,66,79,35,23,1188
SCHW,105.23,66,63,64,80,1189
HLT,105.2,65,57,50,67,1190
RGEN,105.2,65,69,68,10,1191
NRG,105.2,65,79,86,94,1192
ALLY,105.19,65,69,55,59,1193
HBIO,105.18,65,69,4,5,1194
HBB,105.16,65,43,13,14,1195
IBM,105.14,65,75,61,78,1196
AMX,105.13,65,77,84,58,1197
NDAQ,105.12,65,60,60,73,1198
XPO,105.09,65,64,58,72,1199
LAB,105.01,65,56,25,18,1200
OHI,104.99,65,67,56,47,1201
AME,104.96,65,58,54,47,1202
BRSP,104.95,65,58,57,34,1203
TS,104.86,65,58,39,71,1204
FITB,104.77,65,66,39,55,1205
VTR,104.75,65,72,58,55,1206
LDOS,104.75,65,71,69,50,1207
TIGR,104.72,65,51,71,94,1208
GAM,104.72,65,68,70,65,1209
TFII,104.71,65,48,32,12,1210
BYFC,104.71,65,23,26,78,1211
BMY,104.67,65,51,21,37,1212
ENSG,104.61,65,69,78,43,1213
AQN,104.61,65,64,63,71,1214
ALLO,104.59,65,47,11,10,1215
SITE,104.56,65,36,30,36,1216
PINE,104.55,65,64,23,16,1217
BLCO,104.54,65,64,37,19,1218
SLAB,104.52,65,45,62,77,1219
WSM,104.51,65,48,65,68,1220
UBFO,104.51,65,66,42,43,1221
DOV,104.5,65,59,24,47,1222
BOKF,104.5,65,64,42,48,1223
JCI,104.48,65,72,75,88,1224
FNWD,104.45,64,80,63,26,1225
TXT,104.44,64,57,45,61,1226
PGNY,104.43,64,83,50,53,1227
SENEA,104.41,64,73,85,87,1228
PEN,104.41,64,70,52,28,1229
HTLD,104.37,64,43,23,13,1230
ASRV,104.32,64,62,60,74,1231
GRCE,104.31,64,60,53,68,1232
SBCF,104.26,64,68,56,61,1233
GTLS,104.26,64,68,78,67,1234
HTB,104.25,64,75,58,69,1235
HUBB,104.25,64,59,51,59,1236
PATH,104.14,64,87,78,44,1237
HGV,104.12,64,53,55,84,1238
PTEN,104.11,64,37,17,12,1239
AMCX,104.1,64,81,52,11,1240
UNTY,104.07,64,71,50,81,1241
LQDT,104.05,64,69,20,27,1242
BWB,104.04,64,73,62,65,1243
ZTO,103.85,64,63,33,30,1244
ELME,103.83,64,52,56,42,1245
MEG,103.82,64,76,82,58,1246
UGI,103.81,64,71,48,81,1247
SRL,103.79,64,46,12,10,1248
ARGX,103.79,64,84,84,38,1249
POR,103.73,64,66,50,21,1250
ALSN,103.71,64,50,20,21,1251
SMBK,103.7,64,67,53,69,1252
LOW,103.69,64,42,46,26,1253
PSX,103.69,64,62,58,57,1254
XPEV,103.63,64,42,83,86,1255
RFIL,103.63,64,72,89,97,1256
FLG,103.62,64,59,44,62,1257
WTTR,103.57,64,57,54,29,1258
BNT,103.56,64,62,64,79,1259
MPW,103.54,63,61,74,18,1260
ADM,103.53,63,59,72,52,1261
TCBK,103.5,63,66,38,37,1262
YOU,103.48,63,86,54,73,1263
ELMD,103.46,63,75,59,13,1264
INDB,103.4,63,67,46,62,1265
BN,103.38,63,62,64,80,1266
FSFG,103.37,63,78,68,57,1267
NXPI,103.32,63,52,48,47,1268
WAB,103.26,63,61,39,65,1269
TMP,103.26,63,62,39,52,1270
TFIN,103.22,63,32,11,24,1271
IHG,103.22,63,69,51,50,1272
EVTL,103.21,63,59,18,77,1273
ACNB,103.17,63,73,50,45,1274
BKR,103.16,63,56,62,71,1275
RNGR,103.11,63,40,44,33,1276
HOVNP,103.07,63,62,73,65,1277
TWI,103.06,63,37,31,83,1278
NXDT,103.04,63,20,8,68,1279
PHG,103.03,63,46,61,37,1280
PNC,103.0,63,63,37,65,1281
DLHC,102.97,63,43,32,36,1282
TBBB,102.96,63,76,31,15,1283
ALCO,102.96,63,75,65,64,1284
WAT,102.92,63,63,47,13,1285
MVST,102.92,63,86,99,99,1286
DNLI,102.86,63,68,45,6,1287
OBK,102.85,63,60,30,62,1288
EMD,102.85,63,60,61,58,1289
FLYW,102.81,63,64,44,23,1290
MLM,102.8,63,63,65,49,1291
TCOM,102.8,63,43,65,59,1292
TSBK,102.77,63,67,47,65,1293
DTST,102.7,62,73,39,74,1294
XOM,102.7,62,54,44,35,1295
FHN,102.7,62,67,47,79,1296
BP,102.7,62,60,57,54,1297
MKTW,102.7,62,69,52,89,1298
WTFC,102.7,62,63,40,70,1299
HALO,102.66,62,44,70,44,1300
UFPT,102.66,62,35,12,26,1301
USLM,102.63,62,62,75,61,1302
BEP,102.63,62,63,71,74,1303
FSS,102.62,62,56,76,77,1304
HRMY,102.58,62,75,9,62,1305
ARCB,102.52,62,37,24,36,1306
NGG,102.52,62,65,63,61,1307
BURL,102.51,62,46,50,63,1308
MCK,102.51,62,74,72,68,1309
ARHS,102.5,62,54,67,31,1310
MMM,102.38,62,66,55,66,1311
EFSI,102.37,62,69,57,43,1312
AUB,102.36,62,57,46,44,1313
ISRG,102.32,62,63,17,31,1314
A,102.31,62,59,67,28,1315
FHI,102.29,62,68,76,82,1316
MCFT,102.28,62,31,65,71,1317
LODE,102.27,62,41,75,91,1318
WERN,102.25,62,43,23,15,1319
QCRH,102.2,62,65,22,42,1320
OPY,102.17,62,57,55,78,1321
PKOH,102.15,62,51,43,7,1322
AZTA,102.13,62,47,24,23,1323
HTH,102.1,62,59,47,42,1324
EVI,102.03,62,56,84,82,1325
KLXE,102.03,62,11,5,4,1326
TRTX,102.02,62,60,63,50,1327
SNX,102.0,62,68,72,75,1328
TPVG,101.99,62,46,19,61,1329
WB,101.96,61,35,76,82,1330
BUD,101.93,61,54,41,68,1331
ADX,101.93,61,63,65,66,1332
ACRE,101.93,61,55,40,28,1333
MTB,101.92,61,58,35,58,1334
EAT,101.92,61,38,30,88,1335
MGYR,101.89,61,59,67,81,1336
NNI,101.89,61,65,64,57,1337
ALGM,101.87,61,37,68,92,1338
NPK,101.86,61,47,71,79,1339
LZ,101.86,61,53,76,78,1340
MATW,101.83,61,57,40,59,1341
GLPG,101.83,61,57,72,77,1342
SIBN,101.82,61,73,37,71,1343
TRIN,101.81,61,54,57,61,1344
OSBC,101.79,61,69,37,61,1345
AHCO,101.79,61,61,36,41,1346
VSTM,101.77,61,86,94,66,1347
ORI,101.73,61,75,65,46,1348
XP,101.7,61,49,57,59,1349
LMT,101.64,61,45,44,13,1350
TGS,101.64,61,76,20,60,1351
AIZ,101.58,61,60,55,33,1352
SMBC,101.56,61,58,19,44,1353
EDRY,101.56,61,70,51,15,1354
ANIP,101.54,61,59,85,45,1355
WHLRD,101.52,61,70,68,76,1356
EDN,101.48,61,72,6,29,1357
ARL,101.46,61,40,64,19,1358
JPM,101.46,61,71,69,78,1359
BYD,101.43,61,61,63,77,1360
DHI,101.42,61,55,57,35,1361
KFS,101.36,61,69,87,94,1362
OCS,101.34,61,66,72,61,1363
EBC,101.33,61,71,54,35,1364
FCNCA,101.32,60,57,14,59,1365
MPLX,101.32,60,61,46,56,1366
SWBI,101.31,60,60,60,8,1367
GIII,101.29,60,67,50,15,1368
QTTB,101.24,60,84,74,4,1369
MC,101.23,60,53,47,66,1370
NWFL,101.2,60,67,36,28,1371
HBNC,101.2,60,69,42,53,1372
LPRO,101.2,60,5,20,76,1373
MPB,101.16,60,63,31,43,1374
FSEA,101.13,60,64,59,67,1375
TAK,101.1,60,37,38,46,1376
SUN,101.09,60,51,44,27,1377
BRC,101.08,60,56,54,32,1378
RRX,101.07,60,55,46,65,1379
GEHC,101.05,60,54,33,36,1380
PFG,101.04,60,65,40,39,1381
HCI,101.04,60,78,84,68,1382
MRX,101.03,60,67,22,81,1383
HOLX,100.99,60,65,46,28,1384
DVN,100.99,60,57,29,21,1385
MDU,100.95,60,71,62,42,1386
MITK,100.94,60,52,39,39,1387
GIC,100.94,60,51,80,50,1388
FBK,100.92,60,71,60,46,1389
IAC,100.9,60,46,18,54,1390
STHO,100.9,60,21,22,18,1391
INSE,100.89,60,44,21,57,1392
YALA,100.88,60,70,75,91,1393
PAA,100.87,60,47,23,46,1394
MNKD,100.86,60,67,63,7,1395
EE,100.85,60,42,55,35,1396
GANX,100.85,60,97,32,22,1397
QTRX,100.84,60,66,26,5,1398
PAGP,100.84,60,44,23,46,1399
HBT,100.83,59,61,39,65,1400
AMZN,100.82,59,45,49,69,1401
WES,100.82,59,52,41,46,1402
NIE,100.79,59,58,63,56,1403
SOR,100.78,59,62,60,51,1404
ULCC,100.77,59,58,27,45,1405
FLNG,100.75,59,59,53,32,1406
AAPL,100.72,59,75,64,31,1407
EW,100.72,59,62,40,44,1408
DTM,100.7,59,71,63,54,1409
HAYW,100.69,59,53,55,57,1410
LCNB,100.65,59,66,39,52,1411
AMAL,100.61,59,56,12,46,1412
MAX,100.61,59,64,35,26,1413
STE,100.59,59,56,57,36,1414
MOD,100.58,59,70,89,29,1415
WHG,100.51,59,62,50,70,1416
UVSP,100.51,59,70,34,60,1417
FBIZ,100.49,59,69,38,67,1418
GILD,100.46,59,64,71,77,1419
SPNT,100.45,59,81,55,82,1420
BGR,100.44,59,55,51,53,1421
VTN,100.42,59,62,61,35,1422
ROL,100.38,59,63,51,49,1423
EGP,100.38,59,57,54,35,1424
NOC,100.37,59,59,67,69,1425
SRE,100.37,59,65,67,40,1426
TTE,100.36,59,60,45,43,1427
LAZ,100.31,59,47,49,77,1428
AKAM,100.3,59,49,19,19,1429
SBRA,100.3,59,58,46,55,1430
NBBK,100.3,59,66,31,39,1431
HSY,100.29,59,46,60,52,1432
IMXI,100.25,59,59,66,3,1433
UPS,100.24,59,47,13,17,1434
MFA,100.22,58,44,37,30,1435
SMHI,100.22,58,60,38,15,1436
PR,100.22,58,51,25,36,1437
KODK,100.18,58,85,54,70,1438
AES,100.08,58,62,68,64,1439
BMRC,100.07,58,73,42,65,1440
ZION,100.07,58,62,24,66,1441
PAM,100.01,58,74,20,46,1442
SPY,100.0,58,60,62,62,1443
UNIT,100.0,58,39,4,69,1444
IMPP,99.98,58,76,86,43,1445
PRA,99.92,58,73,74,88,1446
FRBA,99.92,58,63,47,54,1447
JKHY,99.92,58,60,19,42,1448
WAL,99.92,58,55,21,52,1449
HBAN,99.92,58,59,38,62,1450
QDEL,99.91,58,23,31,10,1451
ROAD,99.91,58,57,78,85,1452
FDP,99.9,58,67,48,72,1453
RCI,99.88,58,65,72,68,1454
EVT,99.86,58,54,54,53,1455
BOSC,99.86,58,40,75,89,1456
OBE,99.86,58,45,52,49,1457
BNL,99.86,58,52,68,31,1458
MTH,99.85,58,36,28,22,1459
HSIC,99.81,58,55,22,47,1460
ERIC,99.8,58,71,72,27,1461
GSM,99.77,58,61,75,62,1462
SIM,99.71,58,56,35,40,1463
ICUI,99.71,58,51,14,17,1464
MCO,99.69,58,41,37,58,1465
VEON,99.69,58,66,77,89,1466
PBI,99.66,58,50,77,93,1467
MIDD,99.66,58,48,33,58,1468
ORRF,99.66,58,65,38,65,1469
SON,99.59,57,27,19,39,1470
UBSI,99.56,57,57,31,40,1471
PRU,99.52,57,61,29,25,1472
ALNY,99.5,57,74,91,78,1473
AMGN,99.45,57,63,46,47,1474
SPG,99.4,57,56,58,44,1475
STNE,99.36,57,69,87,73,1476
EFC,99.35,57,62,64,58,1477
ASO,99.34,57,67,53,73,1478
MHO,99.33,57,44,55,26,1479
VET,99.31,57,53,23,37,1480
LPL,99.29,57,61,88,37,1481
DOYU,99.27,57,49,62,95,1482
SOLV,99.27,57,62,42,61,1483
ODFL,99.23,57,38,12,24,1484
AEG,99.23,57,54,68,69,1485
PCB,99.2,57,66,44,66,1486
ASC,99.19,57,37,44,14,1487
MNSB,99.16,57,61,46,72,1488
PRCH,99.15,57,57,99,99,1489
PVL,99.12,57,53,62,69,1490
SSD,99.11,57,36,51,32,1491
VOYA,99.1,57,50,50,55,1492
ACU,99.1,57,40,28,52,1493
DSX,99.09,57,36,46,19,1494
SPFI,99.09,57,61,42,74,1495
AIT,99.07,57,51,41,65,1496
AIO,99.06,57,41,56,69,1497
GEVO,99.05,57,87,90,81,1498
SENEB,99.04,57,73,83,88,1499
TECH,99.03,57,44,54,15,1500
ARKO,98.99,57,48,13,14,1501
GL,98.98,57,61,63,60,1502
ABBV,98.93,57,63,76,54,1503
LSTR,98.92,57,46,18,13,1504
TWST,98.91,56,25,11,9,1505
WAFD,98.91,56,58,26,32,1506
MAGN,98.89,56,53,3,11,1507
ASLE,98.88,56,32,74,29,1508
HYLN,98.87,56,47,77,19,1509
EIX,98.86,56,47,38,10,1510
BANX,98.85,56,60,56,49,1511
PFS,98.81,56,68,43,46,1512
FMX,98.81,56,61,43,35,1513
DXPE,98.8,56,70,82,89,1514
QUIK,98.8,56,42,59,31,1515
PFBC,98.74,56,67,35,65,1516
PETS,98.71,56,17,6,30,1517
AVK,98.68,56,57,66,62,1518
RM,98.66,56,69,73,42,1519
USAC,98.61,56,46,35,45,1520
BOE,98.59,56,55,57,56,1521
TBBK,98.57,56,65,73,83,1522
TFSL,98.54,56,60,48,43,1523
NHI,98.53,56,53,48,33,1524
SIG,98.52,56,67,85,79,1525
YPF,98.49,56,52,15,59,1526
OGI,98.48,56,82,80,58,1527
FUSB,98.47,56,64,36,58,1528
YUM,98.47,56,49,49,55,1529
GNW,98.47,56,67,70,55,1530
ASR,98.46,56,56,58,58,1531
GLBE,98.37,56,53,22,17,1532
NRP,98.36,56,47,50,43,1533
WSR,98.35,56,49,25,23,1534
PEO,98.35,56,48,39,45,1535
ETB,98.34,56,56,58,54,1536
FPH,98.33,56,52,72,91,1537
ABNB,98.31,56,40,29,49,1538
BGY,98.28,56,51,55,55,1539
BY,98.25,55,60,33,43,1540
MKL,98.23,55,66,48,68,1541
MBWM,98.22,55,57,34,56,1542
BIO,98.2,55,62,63,15,1543
LAMR,98.17,55,53,37,50,1544
UWMC,98.16,55,35,52,12,1545
UNF,98.14,55,36,22,22,1546
WPC,98.14,55,53,67,56,1547
PLUG,98.14,55,84,95,83,1548
NMTC,98.13,55,14,45,69,1549
QUAD,98.09,55,46,44,43,1550
GKOS,98.08,55,60,11,11,1551
AMRN,98.04,55,76,90,84,1552
BSM,98.04,55,61,33,15,1553
RVTY,98.03,55,46,27,22,1554
ORIC,98.02,55,39,88,92,1555
SGHC,97.92,55,78,93,97,1556
HZO,97.92,55,34,50,55,1557
UCB,97.85,55,55,43,60,1558
AGYS,97.83,55,72,47,75,1559
SXT,97.82,55,56,59,86,1560
USCB,97.81,55,61,42,51,1561
FMBH,97.78,55,62,31,52,1562
WINA,97.77,55,55,70,38,1563
TRMK,97.76,55,61,48,61,1564
REKR,97.72,55,89,95,66,1565
NOVT,97.72,55,28,12,16,1566
NWN,97.71,55,67,61,40,1567
FSI,97.68,55,77,93,93,1568
SOHON,97.66,55,59,5,32,1569
SWX,97.65,55,54,49,54,1570
AGCO,97.6,55,52,61,71,1571
PDM,97.59,55,46,48,26,1572
TXNM,97.58,55,60,62,74,1573
HOV,97.58,55,17,46,25,1574
DGICB,97.55,54,42,43,59,1575
L,97.54,54,66,63,56,1576
EU,97.54,54,65,82,85,1577
ARI,97.52,54,55,65,58,1578
PBFS,97.5,54,70,62,59,1579
SNT,97.44,54,19,85,96,1580
TGT,97.4,54,37,13,20,1581
MIY,97.4,54,51,52,28,1582
MFIN,97.38,54,59,59,58,1583
PDEX,97.37,54,56,2,89,1584
NTR,97.36,54,67,52,71,1585
MPX,97.35,54,48,47,33,1586
MAC,97.34,54,50,43,54,1587
TRP,97.34,54,61,58,45,1588
BFST,97.34,54,63,25,52,1589
FBIN,97.32,54,21,14,15,1590
LOB,97.31,54,50,37,27,1591
OTTR,97.26,54,51,39,29,1592
GT,97.25,54,31,6,62,1593
PM,97.24,54,41,55,77,1594
SBSI,97.2,54,56,20,40,1595
GTY,97.18,54,42,32,23,1596
TROX,97.18,54,14,2,6,1597
ITIC,97.18,54,56,70,26,1598
STEL,97.17,54,62,43,71,1599
GFS,97.16,54,53,22,37,1600
SBFG,97.15,54,68,31,50,1601
TRGP,97.14,54,52,17,32,1602
AXTA,97.13,54,33,17,15,1603
GATX,97.11,54,49,70,51,1604
DGICA,97.08,54,63,69,71,1605
SPGI,97.08,54,35,28,49,1606
LPLA,97.06,54,61,45,83,1607
NVAX,97.05,54,15,56,13,1608
EFOI,97.02,53,64,92,87,1609
TSN,97.02,53,54,29,21,1610
DAIO,96.98,53,55,65,83,1611
RBKB,96.98,53,53,32,85,1612
STBA,96.98,53,61,27,41,1613
AVY,96.95,53,49,18,24,1614
WTM,96.94,53,64,45,34,1615
BDL,96.94,53,55,73,85,1616
LUCD,96.92,53,55,74,63,1617
IPI,96.91,53,28,31,83,1618
ACCS,96.89,53,22,37,83,1619
KRG,96.88,53,49,36,36,1620
ALEC,96.86,53,13,94,23,1621
WGS,96.83,53,92,88,81,1622
OPBK,96.82,53,58,38,59,1623
FURY,96.82,53,76,90,84,1624
TRMB,96.8,53,52,60,83,1625
HLMN,96.8,53,43,57,17,1626
REXR,96.79,53,49,65,33,1627
NEE,96.79,53,66,67,41,1628
AFBI,96.77,53,50,40,37,1629
NEU,96.74,53,68,80,84,1630
STAG,96.72,53,54,57,44,1631
BZ,96.72,53,44,81,82,1632
NREF,96.7,53,52,35,48,1633
ETR,96.69,53,62,72,74,1634
TCBX,96.69,53,63,67,76,1635
WASH,96.68,53,52,20,29,1636
ES,96.66,53,60,68,62,1637
HPE,96.65,53,70,66,61,1638
TYG,96.65,53,47,52,61,1639
AVIR,96.63,53,47,28,50,1640
FHB,96.62,53,53,29,48,1641
BBCP,96.6,53,52,48,62,1642
ARCO,96.58,53,44,29,21,1643
NEA,96.57,53,53,56,33,1644
XENE,96.56,52,74,70,8,1645
TXRH,96.56,52,34,36,52,1646
UHT,96.54,52,54,28,55,1647
ICCC,96.53,52,64,69,89,1648
EOI,96.47,52,38,53,62,1649
BDTX,96.46,52,63,91,84,1650
PJT,96.42,52,50,61,84,1651
RS,96.42,52,40,22,69,1652
IROQ,96.34,52,54,61,66,1653
STM,96.34,52,35,60,72,1654
WSBC,96.31,52,62,40,51,1655
BIPC,96.3,52,70,68,56,1656
TARA,96.29,52,89,92,57,1657
XYL,96.28,52,51,66,49,1658
FTS,96.26,52,59,64,58,1659
BALL,96.26,52,36,18,53,1660
NOAH,96.25,52,27,59,88,1661
TME,96.24,52,55,89,93,1662
BFC,96.21,52,73,65,84,1663
AEP,96.21,52,63,65,55,1664
SNA,96.21,52,54,57,50,1665
ACT,96.2,52,62,44,41,1666
HWBK,96.2,52,64,55,63,1667
DAY,96.19,52,52,63,34,1668
RH,96.18,52,8,10,17,1669
SRCE,96.17,52,54,35,52,1670
NVG,96.17,52,54,54,30,1671
MSA,96.15,52,38,40,51,1672
ALLE,96.14,52,56,76,67,1673
HIG,96.14,52,59,51,52,1674
TTWO,96.14,52,56,78,78,1675
EARN,96.12,52,33,26,44,1676
NXJ,96.08,52,57,62,27,1677
INVA,96.08,52,54,23,42,1678
VRME,96.07,52,25,55,7,1679
ATS,96.02,51,31,28,58,1680
SHEL,96.02,51,51,55,58,1681
NAD,96.01,51,55,55,34,1682
ALX,96.01,51,44,58,76,1683
HHH,96.0,51,56,60,33,1684
STEW,95.99,51,55,56,59,1685
RBA,95.95,51,37,51,73,1686
SNN,95.95,51,53,78,68,1687
KRUS,95.95,51,9,15,88,1688
WLFC,95.94,51,16,16,51,1689
AQB,95.91,51,62,95,21,1690
RJF,95.9,51,49,55,70,1691
AN,95.9,51,58,68,68,1692
FT,95.88,51,51,60,57,1693
LOGC,95.88,51,48,64,70,1694
IQI,95.88,51,53,58,31,1695
SOTK,95.87,51,30,58,14,1696
EMO,95.85,51,37,30,55,1697
VGI,95.84,51,50,56,53,1698
LRMR,95.83,51,62,81,46,1699
DE,95.82,51,45,42,71,1700
UNFI,95.8,51,74,90,79,1701
RPT,95.79,51,52,22,22,1702
INDI,95.77,51,75,90,91,1703
NCA,95.75,51,47,52,35,1704
ZTR,95.71,51,56,65,59,1705
IIIN,95.7,51,45,35,76,1706
BLBD,95.67,51,62,81,60,1707
WDS,95.6,51,46,32,63,1708
WU,95.55,51,59,23,12,1709
KINS,95.52,51,58,49,87,1710
ARES,95.5,51,47,17,63,1711
MLKN,95.49,51,19,19,33,1712
SNPS,95.47,51,39,17,76,1713
SNOW,95.45,50,65,85,89,1714
PNBK,95.45,50,81,7,8,1715
JBSS,95.44,50,60,15,12,1716
YUMC,95.42,50,48,34,69,1717
SHCO,95.4,50,80,85,58,1718
NZF,95.4,50,54,56,33,1719
THS,95.35,50,58,10,6,1720
FCEL,95.34,50,71,87,25,1721
SAIA,95.33,50,41,18,7,1722
BL,95.33,50,52,25,61,1723
AROC,95.33,50,53,44,32,1724
DRI,95.32,50,30,41,70,1725
HIFS,95.32,50,50,46,38,1726
USFD,95.29,50,49,52,84,1727
LILAK,95.27,50,75,70,34,1728
HQI,95.27,50,9,9,14,1729
ESCA,95.23,50,36,21,18,1730
MDT,95.2,50,62,58,55,1731
APPN,95.2,50,69,28,26,1732
FIHL,95.2,50,60,55,27,1733
HNVR,95.15,50,53,35,53,1734
BOH,95.14,50,48,23,38,1735
OCUL,95.14,50,88,78,87,1736
EEX,95.08,50,14,56,75,1737
FNLC,95.08,50,60,34,47,1738
BOOM,95.07,50,20,27,45,1739
SR,95.07,50,67,70,56,1740
RLGT,95.06,50,51,34,32,1741
LILA,95.05,50,76,69,32,1742
FCF,95.02,50,48,33,47,1743
BCML,95.02,50,71,48,60,1744
OSCR,94.99,50,55,86,60,1745
HLNE,94.98,50,22,10,39,1746
HUN,94.97,50,18,3,6,1747
BIP,94.94,50,61,60,48,1748
UBCP,94.93,50,51,47,67,1749
LDP,94.91,49,50,54,50,1750
GDEN,94.9,49,53,12,37,1751
BTO,94.89,49,54,44,61,1752
FPF,94.87,49,46,53,52,1753
NFBK,94.86,49,55,34,44,1754
IDA,94.86,49,56,71,65,1755
NCLH,94.85,49,26,46,71,1756
ATRC,94.84,49,76,70,36,1757
NTST,94.84,49,57,69,64,1758
ZM,94.78,49,58,56,51,1759
AIOT,94.77,49,31,61,18,1760
WEYS,94.75,49,67,26,49,1761
GSBC,94.75,49,58,33,46,1762
FENC,94.74,49,42,84,91,1763
RITM,94.74,49,41,40,68,1764
MAIN,94.7,49,56,45,77,1765
KGS,94.7,49,53,44,26,1766
NDLS,94.67,49,34,7,21,1767
FELE,94.66,49,41,47,27,1768
DIOD,94.66,49,31,57,42,1769
MMU,94.64,49,50,53,35,1770
ATLC,94.62,49,60,58,65,1771
GPC,94.59,49,48,58,53,1772
LLYVA,94.57,49,52,76,88,1773
BROS,94.57,49,43,47,80,1774
G,94.56,49,57,21,56,1775
ACTG,94.55,49,50,34,30,1776
FE,94.55,49,58,65,37,1777
SLP,94.54,49,36,12,0,1778
PCH,94.53,49,37,49,42,1779
UVV,94.52,49,38,48,57,1780
MCRI,94.52,49,58,57,87,1781
EVRG,94.5,49,60,71,61,1782
AKR,94.5,49,34,31,19,1783
AVO,94.49,48,47,39,53,1784
PCVX,94.49,48,49,30,4,1785
VSH,94.48,48,34,58,64,1786
BBDC,94.46,48,48,35,52,1787
FRT,94.46,48,43,41,24,1788
ONB,94.45,48,55,28,50,1789
O,94.44,48,46,52,39,1790
IAF,94.41,48,45,58,57,1791
FTDR,94.41,48,40,75,83,1792
FLC,94.37,48,48,57,49,1793
KYN,94.36,48,43,40,50,1794
BXMT,94.35,48,59,41,55,1795
SBR,94.34,48,45,55,47,1796
ARTW,94.32,48,72,81,94,1797
PFO,94.3,48,48,59,49,1798
ACR,94.26,48,72,69,63,1799
SMG,94.26,48,29,14,55,1800
HIPO,94.2,48,38,83,72,1801
UHS,94.19,48,75,61,16,1802
EPD,94.19,48,47,41,46,1803
PROV,94.18,48,51,53,54,1804
RGS,94.18,48,75,84,30,1805
PFIS,94.17,48,56,31,64,1806
SMC,94.16,48,32,5,7,1807
GPRK,94.15,48,30,17,19,1808
VLYPP,94.13,48,49,50,52,1809
FFC,94.08,48,52,55,53,1810
IBRX,94.07,48,15,21,17,1811
WKC,94.06,48,24,25,54,1812
QSR,94.04,48,57,48,56,1813
PRDO,94.02,48,34,81,69,1814
FOA,93.97,48,40,63,95,1815
PFN,93.95,48,49,55,54,1816
BZH,93.95,48,25,28,40,1817
VABK,93.95,48,53,51,44,1818
GTN,93.93,48,68,64,84,1819
GAIN,93.92,47,52,51,59,1820
FINW,93.92,47,43,61,51,1821
PHI,93.91,47,45,14,33,1822
HOPE,93.9,47,55,25,26,1823
ECL,93.89,47,46,54,55,1824
RNR,93.88,47,59,45,27,1825
ETSY,93.86,47,37,81,74,1826
NTIC,93.86,47,19,17,13,1827
RMBI,93.85,47,46,42,59,1828
TUYA,93.81,47,22,68,86,1829
TXN,93.8,47,38,29,47,1830
LLYVK,93.8,47,53,77,88,1831
LTC,93.79,47,41,43,40,1832
RMR,93.79,47,31,18,27,1833
NI,93.76,47,56,62,66,1834
BGH,93.73,47,41,49,56,1835
AYI,93.72,47,71,76,61,1836
FAX,93.69,47,41,45,49,1837
EPR,93.69,47,38,57,78,1838
KO,93.69,47,54,39,40,1839
GBTG,93.68,47,49,62,18,1840
BDC,93.67,47,48,33,74,1841
TDY,93.66,47,43,63,72,1842
FTHM,93.65,47,14,79,69,1843
VNT,93.64,47,35,67,64,1844
BDSX,93.64,47,27,3,1,1845
LAD,93.62,47,47,36,55,1846
IPGP,93.6,47,49,75,60,1847
APAM,93.6,47,37,55,70,1848
EGY,93.6,47,20,32,15,1849
ATO,93.57,47,60,68,56,1850
SFL,93.57,47,28,10,39,1851
BSET,93.57,47,63,30,76,1852
SJT,93.57,47,50,57,75,1853
MDRR,93.55,46,53,67,17,1854
FANG,93.55,46,54,27,17,1855
TGNA,93.53,46,51,70,48,1856
LOGI,93.53,46,71,76,67,1857
AFB,93.53,46,44,52,26,1858
ONCY,93.5,46,68,76,90,1859
LZB,93.49,46,54,13,28,1860
NX,93.48,46,23,7,22,1861
PFE,93.47,46,57,40,40,1862
PCYO,93.47,46,50,52,25,1863
NECB,93.45,46,51,15,34,1864
AVA,93.42,46,55,45,32,1865
OVV,93.4,46,36,29,38,1866
LSAK,93.36,46,40,24,13,1867
HLX,93.35,46,32,16,11,1868
RLX,93.34,46,52,72,74,1869
ALGN,93.3,46,44,5,31,1870
ERC,93.28,46,50,54,49,1871
MQT,93.28,46,45,54,28,1872
TMHC,93.27,46,37,36,38,1873
AOMR,93.26,46,43,54,48,1874
WSFS,93.25,46,55,30,57,1875
BLX,93.24,46,58,68,74,1876
OFIX,93.24,46,50,67,7,1877
AUBN,93.24,46,59,70,85,1878
SGU,93.23,46,44,43,40,1879
TRV,93.19,46,57,49,53,1880
ICLR,93.18,46,52,62,12,1881
MBUU,93.16,46,20,23,52,1882
MUC,93.14,46,44,51,27,1883
OXLCO,93.09,46,49,50,46,1884
SSNC,93.06,46,51,41,59,1885
IQ,93.06,46,18,52,25,1886
TH,93.05,46,64,22,37,1887
ACCO,93.05,46,28,29,22,1888
TRNO,93.04,46,45,46,26,1889
HIMX,93.02,45,56,72,87,1890
BFK,93.0,45,44,50,33,1891
LIEN,93.0,45,49,35,30,1892
AM,92.96,45,53,60,55,1893
PKG,92.95,45,39,40,40,1894
DGX,92.91,45,52,69,52,1895
AVNT,92.88,45,17,18,15,1896
LARK,92.87,45,69,54,67,1897
SBUX,92.86,45,31,29,59,1898
KT,92.86,45,43,57,80,1899
LNT,92.85,45,53,59,56,1900
YORW,92.83,45,50,31,16,1901
DCOM,92.82,45,54,36,47,1902
BTT,92.82,45,49,53,45,1903
LEN,92.79,45,30,42,16,1904
VCTR,92.76,45,40,54,70,1905
VC,92.75,45,48,77,83,1906
MGTX,92.72,45,78,75,88,1907
MGM,92.68,45,55,24,53,1908
USPH,92.66,45,42,68,25,1909
RNG,92.64,45,42,32,30,1910
SHW,92.58,45,31,30,34,1911
VLYPO,92.57,45,49,49,50,1912
IBOC,92.56,45,58,41,56,1913
SKT,92.54,45,48,43,38,1914
NUV,92.54,45,51,52,33,1915
SRV,92.51,45,38,50,44,1916
WEX,92.5,45,30,26,39,1917
WNC,92.49,45,15,10,9,1918
RWT,92.45,45,35,29,34,1919
APO,92.41,45,46,16,59,1920
LADR,92.39,45,49,42,46,1921
TR,92.38,45,55,80,79,1922
MYD,92.38,45,43,53,26,1923
ADMA,92.37,45,60,14,33,1924
ICMB,92.36,44,50,59,33,1925
IVT,92.33,44,41,41,34,1926
EDIT,92.32,44,72,94,94,1927
APLE,92.32,44,34,24,28,1928
AGNCN,92.27,44,48,51,45,1929
D,92.27,44,55,59,56,1930
SCM,92.24,44,39,22,63,1931
FSBW,92.23,44,57,26,41,1932
DSU,92.23,44,43,45,48,1933
FCN,92.2,44,42,17,13,1934
BVS,92.19,44,33,17,7,1935
HON,92.18,44,34,28,63,1936
PB,92.16,44,51,19,34,1937
OPRT,92.14,44,35,76,95,1938
HPS,92.14,44,42,55,30,1939
EOS,92.12,44,40,55,65,1940
AGNCM,92.11,44,47,49,47,1941
MNOV,92.1,44,53,16,9,1942
ITW,92.05,44,42,39,50,1943
XEL,92.05,44,57,71,60,1944
SRI,92.04,44,24,59,87,1945
NIM,92.04,44,46,47,36,1946
RMNI,92.03,44,71,84,94,1947
AMTB,92.02,44,42,21,24,1948
MTRX,91.98,44,32,40,79,1949
EAD,91.97,44,45,48,51,1950
BZUN,91.96,44,14,67,60,1951
ICE,91.94,44,34,27,64,1952
AVNW,91.93,44,43,63,70,1953
MSCI,91.93,44,35,26,27,1954
FITBI,91.93,44,50,49,41,1955
RUSHB,91.92,44,54,56,47,1956
INSG,91.92,44,60,91,6,1957
GRFS,91.92,44,49,69,79,1958
UNM,91.87,44,45,41,69,1959
AVBP,91.86,43,65,20,25,1960
BCPC,91.86,43,34,24,19,1961
SAIC,91.86,43,31,13,22,1962
HUM,91.84,43,46,56,11,1963
AOS,91.84,43,39,39,34,1964
EVV,91.84,43,45,48,48,1965
BLK,91.82,43,51,68,73,1966
ORGO,91.81,43,66,49,85,1967
BKNG,91.81,43,45,40,80,1968
MGNX,91.8,43,13,26,5,1969
SUZ,91.8,43,28,29,32,1970
WTRG,91.79,43,44,59,30,1971
HMN,91.75,43,55,63,60,1972
AXS,91.74,43,58,43,63,1973
ALGS,91.72,43,75,77,62,1974
HR,91.7,43,51,65,40,1975
MAS,91.68,43,25,36,31,1976
TTEK,91.68,43,36,17,39,1977
HLN,91.68,43,36,32,37,1978
ALTG,91.66,43,16,53,85,1979
HYPR,91.66,43,27,88,74,1980
SSB,91.65,43,41,34,44,1981
SLRC,91.62,43,44,26,56,1982
AEE,91.62,43,46,61,60,1983
EQNR,91.61,43,33,32,60,1984
PIM,91.61,43,40,53,44,1985
ELTX,91.6,43,44,89,95,1986
ET,91.6,43,31,37,42,1987
PFLT,91.59,43,35,16,46,1988
INTT,91.56,43,44,65,33,1989
HPI,91.54,43,47,57,35,1990
RNST,91.5,43,47,37,58,1991
NBIX,91.48,43,70,60,57,1992
ALTI,91.47,43,87,28,64,1993
PNI,91.46,43,41,49,23,1994
SAFT,91.42,42,50,26,21,1995
FFBC,91.42,42,55,31,29,1996
BLW,91.41,42,44,47,48,1997
JQC,91.4,42,36,36,49,1998
VLGEA,91.38,42,54,32,66,1999
STRA,91.37,42,35,32,14,2000
RQI,91.34,42,32,44,44,2001
NIU,91.32,42,49,89,91,2002
SLMBP,91.32,42,49,53,46,2003
FYBR,91.3,42,50,47,54,2004
STC,91.3,42,52,60,16,2005
IBCP,91.3,42,59,29,47,2006
VLN,91.26,42,15,6,71,2007
BCE,91.26,42,45,39,33,2008
EIM,91.25,42,42,48,30,2009
REPX,91.24,42,35,39,32,2010
ACEL,91.22,42,47,22,63,2011
MDV,91.21,42,47,40,28,2012
IGR,91.21,42,21,49,40,2013
SNOA,91.21,42,43,83,31,2014
BAK,91.2,42,12,4,4,2015
BRFH,91.18,42,65,67,59,2016
SWIM,91.18,42,38,69,83,2017
BSBK,91.16,42,40,60,52,2018
PBR,91.16,42,33,33,43,2019
SEIC,91.16,42,40,40,74,2020
PCN,91.12,42,39,54,37,2021
IMCR,91.11,42,64,47,57,2022
RHP,91.09,42,39,25,47,2023
SUI,91.08,42,40,44,41,2024
TITN,91.08,42,29,29,77,2025
FBP,91.08,42,53,42,50,2026
SPH,91.07,42,45,41,30,2027
OGS,91.07,42,54,60,37,2028
PNRG,91.06,41,37,28,53,2029
RZB,91.06,41,47,47,39,2030
GWW,90.99,41,39,25,37,2031
GRVY,90.98,41,26,30,39,2032
RMD,90.96,41,41,62,73,2033
YEXT,90.95,41,56,65,86,2034
GABC,90.94,41,47,34,49,2035
UTF,90.94,41,39,36,60,2036
NNN,90.94,41,38,42,40,2037
WMB,90.94,41,51,62,52,2038
NMZ,90.91,41,43,51,27,2039
OKTA,90.9,41,32,34,46,2040
VMD,90.9,41,41,31,13,2041
IDT,90.9,41,23,28,76,2042
MCD,90.9,41,53,47,37,2043
KC,90.87,41,17,91,98,2044
WING,90.86,41,20,16,64,2045
PAI,90.83,41,41,48,47,2046
EBF,90.83,41,36,29,25,2047
TOWN,90.82,41,46,32,54,2048
SCSC,90.81,41,35,42,42,2049
MWA,90.8,41,39,50,45,2050
PRAA,90.74,41,40,9,11,2051
TSLX,90.74,41,48,42,73,2052
VST,90.72,41,45,82,93,2053
TROW,90.7,41,48,47,51,2054
JOB,90.69,41,26,27,37,2055
PDD,90.68,41,33,68,48,2056
VRTX,90.68,41,46,21,34,2057
ENB,90.65,41,52,60,56,2058
LANDM,90.63,41,46,47,42,2059
MOMO,90.63,41,24,36,88,2060
DSGR,90.62,41,30,27,25,2061
EQS,90.62,41,64,89,75,2062
KVAC,90.59,41,47,47,43,2063
VEL,90.58,40,47,39,28,2064
USA,90.58,40,36,32,47,2065
HIO,90.58,40,40,43,54,2066
HMC,90.57,40,46,48,65,2067
FMAO,90.54,40,57,24,50,2068
FAST,90.53,40,40,45,77,2069
AWF,90.48,40,43,50,50,2070
WABC,90.47,40,41,30,36,2071
ARLO,90.45,40,31,83,89,2072
NJR,90.44,40,42,40,32,2073
PNR,90.43,40,48,61,63,2074
WOR,90.4,40,65,67,86,2075
STLA,90.39,40,60,45,19,2076
QUBT,90.38,40,55,99,99,2077
FDUS,90.38,40,44,45,66,2078
MARPS,90.38,40,35,58,74,2079
ALDX,90.37,40,37,79,92,2080
ODC,90.36,40,28,77,92,2081
KKR,90.36,40,43,20,71,2082
ATKR,90.32,40,35,25,28,2083
KOP,90.3,40,33,18,62,2084
EXP,90.27,40,39,44,19,2085
WMG,90.26,40,24,55,45,2086
UFPI,90.26,40,23,14,18,2087
MGF,90.26,40,44,47,40,2088
MHK,90.25,40,27,53,24,2089
LNSR,90.2,40,42,75,93,2090
EGBN,90.19,40,45,17,26,2091
VATE,90.18,40,15,16,22,2092
BDX,90.17,40,47,27,11,2093
STGW,90.15,40,43,27,12,2094
MGNI,90.12,40,25,67,93,2095
SHO,90.09,40,32,37,29,2096
OCFC,90.08,40,66,38,47,2097
AMPL,90.08,40,37,28,87,2098
BTCS,90.06,40,53,92,99,2099
DTF,90.05,39,45,47,39,2100
GROW,90.05,39,45,59,51,2101
PCOR,90.02,39,48,46,61,2102
SACH,90.01,39,40,27,25,2103
NFG,90.0,39,54,64,80,2104
LSPD,89.99,39,37,20,48,2105
AGO,89.98,39,54,28,32,2106
TBRG,89.96,39,47,40,84,2107
VLTO,89.96,39,34,41,41,2108
LYV,89.94,39,38,63,78,2109
IEP,89.94,39,36,26,30,2110
PRG,89.91,39,26,32,41,2111
LYTS,89.9,39,37,78,53,2112
PPG,89.87,39,30,21,38,2113
LAND,89.86,39,29,20,30,2114
PNW,89.85,39,43,49,49,2115
ACGLO,89.85,39,41,50,29,2116
SLF,89.85,39,44,49,62,2117
BKT,89.78,39,38,41,42,2118
ADT,89.77,39,46,61,60,2119
ARCC,89.76,39,41,27,60,2120
THG,89.75,39,60,53,56,2121
ABSI,89.75,39,70,85,25,2122
REYN,89.74,39,51,36,14,2123
FLXS,89.74,39,35,48,31,2124
ICFI,89.73,39,23,18,7,2125
TRU,89.71,39,31,18,55,2126
SELF,89.7,39,37,33,47,2127
DKS,89.69,39,49,60,49,2128
ALG,89.69,39,22,33,75,2129
FAF,89.65,39,44,40,27,2130
MANU,89.65,39,33,58,67,2131
DSP,89.64,39,39,3,42,2132
DEA,89.64,39,27,26,21,2133
PECO,89.62,38,39,34,31,2134
HESM,89.62,38,29,21,48,2135
GLRE,89.62,38,51,24,34,2136
HD,89.6,38,29,46,35,2137
SLVM,89.59,38,26,6,6,2138
GBCI,89.59,38,33,41,41,2139
LCUT,89.58,38,31,8,28,2140
MSFT,89.56,38,48,67,75,2141
ESNT,89.53,38,58,46,31,2142
RYN,89.52,38,26,38,21,2143
MTCH,89.51,38,41,39,44,2144
GLNG,89.49,38,30,36,49,2145
OPFI,89.47,38,65,63,94,2146
PLMR,89.45,38,44,24,70,2147
GBX,89.45,38,29,25,37,2148
UNP,89.45,38,55,37,35,2149
JYNT,89.44,38,15,10,40,2150
STRR,89.42,38,42,43,6,2151
DOW,89.42,38,16,5,11,2152
XPL,89.41,38,36,54,24,2153
QGEN,89.38,38,43,53,66,2154
FDBC,89.37,38,58,30,44,2155
BYSI,89.3,38,58,41,44,2156
PRTC,89.29,38,37,27,34,2157
GTES,89.27,38,35,77,85,2158
MTG,89.26,38,63,54,47,2159
UTMD,89.2,38,36,49,28,2160
VIR,89.18,38,67,22,8,2161
DRS,89.11,38,24,53,88,2162
UMH,89.11,38,37,15,31,2163
EDUC,89.1,38,32,35,14,2164
MSM,89.1,38,49,50,57,2165
RGA,89.09,38,51,30,27,2166
HLIT,89.04,38,39,37,11,2167
GNSS,89.01,38,38,26,6,2168
ARW,88.99,38,30,34,55,2169
MRTN,88.95,37,25,10,14,2170
RSKD,88.94,37,50,27,55,2171
HLI,88.93,37,39,54,72,2172
OXY,88.91,37,22,25,24,2173
PANW,88.91,37,36,59,62,2174
HDSN,88.9,37,37,78,79,2175
INVE,88.88,37,44,40,38,2176
KMI,88.88,37,40,45,47,2177
PAG,88.88,37,44,54,59,2178
PERI,88.87,37,54,43,82,2179
OFLX,88.87,37,22,14,22,2180
WW,88.87,37,26,32,88,2181
ABG,88.87,37,41,52,37,2182
NTAP,88.86,37,49,63,36,2183
WHR,88.86,37,17,10,49,2184
DEC,88.85,37,42,34,69,2185
RELL,88.82,37,42,57,20,2186
ED,88.82,37,42,41,38,2187
ONON,88.78,37,42,15,57,2188
MUSA,88.73,37,32,14,13,2189
LH,88.7,37,48,73,60,2190
EXE,88.69,37,60,43,43,2191
NOA,88.69,37,19,19,19,2192
MCW,88.68,37,22,7,25,2193
UXIN,88.68,37,9,3,78,2194
IGIC,88.67,37,45,36,69,2195
VOC,88.64,37,37,18,14,2196
NBTB,88.63,37,45,27,28,2197
JBGS,88.62,37,29,73,74,2198
BFS,88.59,37,33,21,26,2199
TRC,88.57,37,43,25,60,2200
ARTNA,88.56,37,41,43,30,2201
OMC,88.54,37,46,39,23,2202
NMIH,88.52,37,47,29,45,2203
WY,88.52,37,21,20,21,2204
ADTN,88.49,36,34,64,79,2205
PBA,88.47,36,45,42,32,2206
RDWR,88.44,36,33,45,83,2207
NKE,88.44,36,33,32,63,2208
AIV,88.43,36,38,25,44,2209
MITQ,88.42,36,31,78,71,2210
BANR,88.41,36,46,34,42,2211
MA,88.38,36,45,48,57,2212
DTE,88.37,36,40,57,56,2213
SITC,88.33,36,35,34,15,2214
MAYS,88.33,36,38,36,17,2215
STN,88.32,36,34,71,82,2216
IBN,88.31,36,34,42,61,2217
ASUR,88.3,36,40,16,45,2218
JMM,88.29,36,40,49,50,2219
REG,88.27,36,34,46,40,2220
WTW,88.27,36,46,54,40,2221
SCL,88.25,36,21,13,25,2222
GLPI,88.25,36,30,31,32,2223
SYY,88.24,36,34,52,57,2224
J,88.22,36,43,69,58,2225
ORLY,88.22,36,41,65,64,2226
DXC,88.19,36,30,11,11,2227
EPAC,88.18,36,28,52,19,2228
BILL,88.18,36,48,34,14,2229
PRVA,88.17,36,61,74,26,2230
NVR,88.16,36,33,32,30,2231
BSVN,88.14,36,46,45,76,2232
ALL,88.13,36,50,44,45,2233
BRZE,88.11,36,42,14,13,2234
ACIC,88.1,36,58,53,31,2235
MQ,88.08,36,39,34,85,2236
BX,88.07,36,28,43,69,2237
IFF,88.06,36,21,10,18,2238
GFR,88.01,35,18,17,7,2239
ORCL,88.01,35,24,91,92,2240
BRX,87.98,35,35,50,38,2241
FTLF,87.98,35,65,79,19,2242
OFG,87.97,35,42,35,58,2243
PWP,87.97,35,20,36,54,2244
ARMK,87.95,35,37,39,77,2245
LTH,87.94,35,32,20,52,2246
SCI,87.94,35,38,53,34,2247
FMNB,87.92,35,50,43,36,2248
PEP,87.92,35,55,50,27,2249
BNTX,87.9,35,26,32,48,2250
OOMA,87.89,35,24,21,44,2251
TRIP,87.89,35,39,45,77,2252
PCG,87.87,35,34,49,7,2253
TBB,87.87,35,37,45,31,2254
EFSC,87.84,35,40,36,61,2255
SAMG,87.81,35,35,20,44,2256
GBDC,87.8,35,41,33,53,2257
PPL,87.76,35,41,58,59,2258
IRT,87.74,35,28,21,20,2259
BATRK,87.7,35,36,29,67,2260
ACN,87.7,35,33,9,16,2261
ELV,87.68,35,44,40,5,2262
RDCM,87.68,35,48,58,80,2263
EPRT,87.66,35,41,36,29,2264
EXC,87.65,35,53,62,48,2265
GYRO,87.65,35,38,71,33,2266
KRT,87.64,35,23,32,50,2267
AMP,87.64,35,38,24,58,2268
WEC,87.63,35,43,63,61,2269
ADC,87.63,35,39,47,41,2270
SRG,87.61,35,32,65,21,2271
BRID,87.6,35,30,21,14,2272
AFG,87.6,35,52,46,38,2273
UE,87.6,35,40,43,40,2274
DUK,87.55,34,41,59,45,2275
EVO,87.52,34,13,62,25,2276
WWW,87.52,34,21,88,91,2277
NWBI,87.51,34,49,31,49,2278
NSA,87.49,34,23,28,12,2279
DSL,87.45,34,32,45,42,2280
MGY,87.44,34,30,35,35,2281
TRN,87.41,34,38,36,19,2282
PRK,87.4,34,43,27,48,2283
HNI,87.4,34,25,25,61,2284
SMID,87.39,34,24,52,64,2285
ATEN,87.36,34,45,42,72,2286
RWAY,87.36,34,36,38,64,2287
BBGI,87.35,34,82,34,1,2288
WLK,87.35,34,15,11,8,2289
MEI,87.35,34,18,33,10,2290
HRZN,87.34,34,31,7,25,2291
PFGC,87.34,34,44,64,77,2292
AWR,87.31,34,38,35,25,2293
ESAB,87.31,34,38,43,65,2294
OLN,87.29,34,22,31,6,2295
EMBC,87.24,34,20,64,15,2296
PXS,87.23,34,30,16,8,2297
MELI,87.23,34,25,32,73,2298
PGC,87.22,34,40,22,22,2299
JBLU,87.22,34,26,32,13,2300
RGCO,87.21,34,58,50,37,2301
DLNG,87.16,34,36,30,23,2302
PLNT,87.15,34,54,28,76,2303
RPM,87.06,34,24,35,32,2304
IOR,87.05,34,50,37,49,2305
EQIX,87.04,34,24,38,25,2306
SEM,87.03,34,51,14,10,2307
KAI,87.01,34,22,23,43,2308
AVT,87.0,34,36,41,47,2309
VNOM,86.99,33,39,19,15,2310
NL,86.96,33,19,20,22,2311
DORM,86.91,33,27,69,51,2312
REFI,86.9,33,41,29,29,2313
LIN,86.89,33,26,34,42,2314
INFY,86.89,33,35,17,24,2315
LND,86.86,33,34,32,23,2316
SIGA,86.85,33,35,81,63,2317
ZD,86.83,33,25,42,11,2318
MCS,86.78,33,30,9,65,2319
MLCO,86.76,33,59,72,91,2320
GTE,86.75,33,13,8,9,2321
LPX,86.75,33,25,33,24,2322
JRSH,86.73,33,26,49,65,2323
KFY,86.72,33,42,39,58,2324
SONY,86.71,33,48,78,70,2325
NIO,86.71,33,38,88,60,2326
ACGL,86.71,33,47,27,23,2327
NWS,86.69,33,28,31,62,2328
OGE,86.68,33,42,56,53,2329
BATRA,86.66,33,39,32,66,2330
BXP,86.64,33,36,42,41,2331
MTLS,86.64,33,42,52,60,2332
STAA,86.63,33,59,71,11,2333
ZG,86.62,33,31,46,76,2334
AMCR,86.62,33,26,16,36,2335
KIM,86.61,33,30,41,42,2336
RSVR,86.61,33,33,39,39,2337
TECX,86.59,33,28,7,30,2338
STWD,86.59,33,35,39,50,2339
BCSF,86.57,33,36,26,38,2340
VZ,86.56,33,38,38,49,2341
NATH,86.53,33,38,71,65,2342
WM,86.51,33,38,34,42,2343
DOX,86.5,32,28,33,45,2344
WVVIP,86.45,32,39,31,21,2345
MCHX,86.45,32,18,33,76,2346
MNSO,86.45,32,23,75,31,2347
APT,86.45,32,29,26,24,2348
REAX,86.43,32,23,14,13,2349
XIFR,86.41,32,20,21,6,2350
BB,86.38,32,62,80,84,2351
MET,86.35,32,49,40,37,2352
GPOR,86.34,32,65,50,36,2353
LGIH,86.33,32,11,6,7,2354
DFIN,86.33,32,20,24,63,2355
EXR,86.33,32,28,46,36,2356
SBC,86.31,32,34,12,22,2357
SIRI,86.31,32,33,31,38,2358
EIG,86.29,32,29,18,29,2359
MMLP,86.29,32,13,14,16,2360
MCRB,86.27,32,77,88,23,2361
UA,86.27,32,9,6,46,2362
FORA,86.25,32,42,54,24,2363
AGM,86.24,32,32,19,25,2364
HDB,86.2,32,51,48,72,2365
VRE,86.17,32,29,30,18,2366
OLLI,86.17,32,32,55,76,2367
REI,86.17,32,16,30,5,2368
AMBA,86.16,32,65,82,77,2369
PPC,86.14,32,30,19,56,2370
RNP,86.13,32,27,45,53,2371
VRSN,86.12,32,34,59,85,2372
NKTX,86.1,32,35,61,7,2373
AXON,86.09,32,17,59,89,2374
MRCC,86.08,32,30,51,14,2375
SFNC,86.07,32,37,23,35,2376
BAM,86.06,31,38,44,78,2377
BRW,86.06,31,34,42,72,2378
EXPO,86.06,31,33,15,9,2379
NODK,86.04,31,39,35,22,2380
AHH,86.04,31,27,17,12,2381
KNF,86.03,31,26,8,18,2382
ABT,86.03,31,39,52,47,2383
LKQ,86.0,31,22,11,24,2384
EM,85.99,31,75,79,73,2385
TAP,85.96,31,28,22,24,2386
PTON,85.95,31,19,73,72,2387
SLM,85.92,31,32,23,79,2388
TT,85.89,31,40,51,79,2389
PRI,85.87,31,32,33,36,2390
KRP,85.86,31,29,30,46,2391
DLR,85.84,31,25,50,61,2392
META,85.81,31,29,66,82,2393
MFIC,85.78,31,43,31,48,2394
ALKS,85.77,31,34,61,33,2395
DDD,85.75,31,13,86,8,2396
BRT,85.75,31,27,29,29,2397
MCBS,85.73,31,41,19,39,2398
PSO,85.71,31,29,43,32,2399
ELS,85.69,31,39,35,23,2400
IIPR,85.68,31,31,25,9,2401
FLR,85.67,31,38,46,79,2402
EQT,85.65,31,59,59,71,2403
ZH,85.64,31,11,61,81,2404
GENI,85.63,31,50,74,81,2405
FCPT,85.62,31,22,24,29,2406
WLKP,85.58,31,28,29,34,2407
OKUR,85.58,31,29,14,1,2408
SNFCA,85.55,31,25,19,31,2409
MCI,85.54,31,41,42,50,2410
UL,85.53,31,34,50,37,2411
NAVI,85.47,30,35,24,53,2412
XOMA,85.47,30,24,84,34,2413
EXTR,85.47,30,28,81,81,2414
LBTYA,85.43,30,36,44,26,2415
SJM,85.42,30,38,33,29,2416
NWSA,85.37,30,27,29,53,2417
IFN,85.35,30,28,37,38,2418
V,85.35,30,48,48,65,2419
ERII,85.34,30,37,64,17,2420
HCM,85.34,30,16,33,44,2421
GBLI,85.34,30,23,27,32,2422
APD,85.29,30,19,19,48,2423
UAVS,85.29,30,5,67,92,2424
WRLD,85.24,30,47,77,82,2425
MKC,85.22,30,27,24,27,2426
TCRT,85.22,30,95,77,79,2427
PSA,85.22,30,30,49,28,2428
NMFC,85.15,30,36,25,42,2429
HURC,85.14,30,22,36,54,2430
TKC,85.13,30,36,33,19,2431
PRPL,85.13,30,24,62,41,2432
OABI,85.12,30,45,7,9,2433
IIIV,85.1,30,35,74,69,2434
GRMN,85.07,30,32,73,75,2435
Z,85.06,30,30,48,77,2436
LEDS,85.03,30,32,85,73,2437
SAFE,85.03,30,18,30,15,2438
ADUS,85.02,30,52,44,27,2439
EMN,85.01,30,19,7,18,2440
ALC,85.01,30,32,16,35,2441
RDN,84.99,30,56,38,41,2442
VYGR,84.99,30,49,82,4,2443
VKTX,84.99,30,80,49,24,2444
ARLP,84.95,30,45,33,59,2445
BSX,84.93,30,32,41,66,2446
RBLX,84.84,30,49,93,97,2447
AIRT,84.83,30,24,71,67,2448
SNY,84.81,29,40,44,33,2449
KZIA,84.77,29,79,42,93,2450
SYK,84.74,29,31,39,57,2451
ALRM,84.73,29,23,26,31,2452
GCMG,84.72,29,31,35,39,2453
JVA,84.64,29,12,66,85,2454
AOUT,84.63,29,9,7,14,2455
BCC,84.58,29,16,6,8,2456
SKYW,84.56,29,51,38,73,2457
OCSL,84.55,29,39,25,30,2458
SKM,84.55,29,29,36,44,2459
UAA,84.55,29,8,4,46,2460
PODD,84.54,29,39,71,71,2461
PENG,84.53,29,33,57,85,2462
HITI,84.52,29,41,82,34,2463
SIEB,84.52,29,74,35,90,2464
BLDR,84.5,29,15,22,21,2465
IOSP,84.49,29,22,11,11,2466
EXLS,84.47,29,28,25,39,2467
MGRC,84.43,29,26,52,45,2468
BLFS,84.41,29,35,73,21,2469
SGA,84.4,29,41,45,48,2470
PSBD,84.39,29,25,23,36,2471
SFBS,84.36,29,26,28,49,2472
MLAB,84.35,29,23,11,3,2473
PEG,84.34,29,36,40,46,2474
TAC,84.33,29,68,87,86,2475
PNNT,84.33,29,27,38,67,2476
TBCH,84.3,29,40,61,42,2477
GRAB,84.24,29,35,77,82,2478
VYX,84.24,29,17,30,84,2479
OBDC,84.24,29,34,24,51,2480
ATGE,84.24,29,17,86,78,2481
LMAT,84.19,29,29,41,18,2482
PAMT,84.18,28,15,11,14,2483
AMWD,84.18,28,22,46,8,2484
MBC,84.17,28,23,36,10,2485
OTIS,84.12,28,30,27,20,2486
SO,84.09,28,35,58,56,2487
ARQQ,84.08,28,43,97,99,2488
FWONA,84.08,28,40,60,73,2489
AWK,84.07,28,36,47,40,2490
OKE,84.04,28,25,10,21,2491
IRM,84.04,28,18,52,39,2492
SHAK,84.02,28,13,15,88,2493
ZVRA,84.01,28,46,75,91,2494
PLX,83.96,28,34,85,22,2495
AFYA,83.95,28,21,27,14,2496
JACK,83.85,28,23,4,6,2497
RCMT,83.85,28,31,60,86,2498
GIB,83.84,28,23,14,23,2499
KVYO,83.84,28,20,7,54,2500
VAC,83.83,28,13,30,77,2501
BMRN,83.82,28,24,20,16,2502
EQH,83.81,28,32,34,60,2503
WH,83.74,28,22,24,39,2504
PNFP,83.73,28,37,11,43,2505
SILC,83.72,28,25,62,48,2506
BNTC,83.69,28,18,83,42,2507
XYZ,83.68,28,24,48,70,2508
LULU,83.67,28,25,3,7,2509
FWONK,83.66,28,37,59,74,2510
OLP,83.63,28,21,19,25,2511
AWRE,83.63,28,55,67,87,2512
STZ,83.63,28,27,9,14,2513
EOG,83.62,28,24,22,33,2514
BBY,83.62,28,40,60,19,2515
DBX,83.61,28,33,46,43,2516
BR,83.6,28,36,34,51,2517
GYRE,83.59,27,22,36,4,2518
PRSO,83.59,27,44,96,19,2519
ECOR,83.57,27,12,4,25,2520
ADAG,83.57,27,21,30,40,2521
PRTA,83.55,27,68,63,1,2522
LBTYK,83.53,27,29,40,24,2523
NCDL,83.52,27,33,19,54,2524
BHFAP,83.52,27,19,20,5,2525
AR,83.48,27,39,28,33,2526
SYBT,83.47,27,30,24,70,2527
DRVN,83.44,27,24,39,64,2528
TSCO,83.4,27,30,40,56,2529
FNF,83.38,27,38,33,25,2530
ANGO,83.37,27,81,79,53,2531
APLS,83.36,27,50,58,11,2532
NNDM,83.32,27,48,43,10,2533
QD,83.31,27,76,90,86,2534
ALOT,83.29,27,12,22,44,2535
KARO,83.26,27,37,45,71,2536
AIRI,83.25,27,17,15,18,2537
BLND,83.25,27,14,28,47,2538
HIW,83.23,27,20,42,48,2539
FA,83.17,27,25,14,59,2540
PBHC,83.17,27,32,37,21,2541
SIGI,83.16,27,38,21,34,2542
BAND,83.14,27,30,46,40,2543
UDR,83.13,27,24,20,33,2544
FCBC,83.09,27,29,13,41,2545
JHX,83.09,27,17,10,22,2546
RVP,83.09,27,64,82,13,2547
FC,83.07,27,8,7,6,2548
SCKT,83.05,27,42,11,23,2549
GOF,83.0,27,21,48,50,2550
GCBC,82.96,27,44,17,35,2551
VRRM,82.95,27,29,39,29,2552
DNOW,82.95,27,29,38,49,2553
LOPE,82.94,26,19,77,48,2554
BXSL,82.94,26,39,21,60,2555
ATEX,82.93,26,19,10,5,2556
ULBI,82.91,26,17,30,86,2557
AAT,82.9,26,27,26,21,2558
MAA,82.9,26,25,20,38,2559
VIRT,82.89,26,28,18,75,2560
HNNA,82.86,26,24,23,82,2561
PCRX,82.86,26,58,54,39,2562
KRKR,82.85,26,17,79,67,2563
PCT,82.81,26,14,83,97,2564
DDI,82.79,26,28,14,15,2565
GPMT,82.77,26,34,63,61,2566
JAKK,82.75,26,14,25,29,2567
DDOG,82.73,26,64,71,78,2568
IPHA,82.72,26,34,62,34,2569
BJ,82.71,26,25,26,45,2570
FFIN,82.66,26,21,19,42,2571
RNXT,82.66,26,13,38,65,2572
BEKE,82.6,26,18,35,49,2573
AUDC,82.57,26,29,30,53,2574
APPF,82.57,26,29,31,59,2575
DPZ,82.56,26,35,29,48,2576
LU,82.56,26,26,71,61,2577
LII,82.55,26,23,20,67,2578
LKFN,82.53,26,31,31,47,2579
INV,82.49,26,17,2,5,2580
DOC,82.46,26,25,34,29,2581
LNN,82.46,26,26,45,58,2582
EGHT,82.45,26,45,27,36,2583
PZZA,82.42,26,22,80,71,2584
BKKT,82.37,26,25,97,96,2585
IPM,82.37,26,27,32,23,2586
AZO,82.36,26,26,66,61,2587
ELSE,82.35,26,40,50,58,2588
WDFC,82.34,25,23,16,21,2589
QNST,82.28,25,19,13,14,2590
EQR,82.23,25,27,24,32,2591
AVNS,82.23,25,22,15,7,2592
SXC,82.22,25,19,29,22,2593
TRVG,82.16,25,23,60,89,2594
HRTX,82.15,25,19,7,23,2595
FGEN,82.12,25,23,75,5,2596
FARM,82.12,25,15,57,23,2597
T,82.11,25,28,55,75,2598
PG,82.11,25,23,27,26,2599
VALU,82.1,25,32,30,16,2600
SGC,82.09,25,22,16,13,2601
AGRO,82.08,25,13,9,20,2602
BCRX,82.07,25,28,18,58,2603
ABM,82.07,25,40,25,23,2604
TACT,82.06,25,51,71,37,2605
NTLA,82.05,25,16,95,71,2606
ESS,82.04,25,29,26,44,2607
MMSI,82.03,25,30,21,17,2608
FTEK,81.93,25,54,96,98,2609
JG,81.92,25,10,51,97,2610
OXSQ,81.92,25,21,12,25,2611
NCNO,81.91,25,19,12,53,2612
AACG,81.91,25,16,66,66,2613
ADSK,81.9,25,39,51,56,2614
BGC,81.89,25,32,33,52,2615
HOOK,81.82,25,10,6,4,2616
BLNE,81.76,25,43,86,10,2617
AMSC,81.71,25,33,96,95,2618
RDY,81.67,25,35,35,31,2619
ATNM,81.64,25,46,38,58,2620
INTU,81.63,25,43,37,78,2621
JILL,81.61,25,13,17,8,2622
PSEC,81.59,25,19,11,13,2623
RRC,81.56,24,36,46,44,2624
SVC,81.55,24,10,20,70,2625
KDP,81.54,24,38,15,33,2626
RSSS,81.53,24,28,61,30,2627
NABL,81.5,24,26,24,18,2628
MTN,81.38,24,48,32,43,2629
LUCK,81.38,24,27,32,54,2630
GIGM,81.38,24,38,57,30,2631
SPCB,81.37,24,82,89,95,2632
VCEL,81.35,24,24,17,16,2633
NXRT,81.27,24,19,17,17,2634
UHAL,81.25,24,20,17,27,2635
BANF,81.25,24,29,33,60,2636
ABEO,81.25,24,30,27,75,2637
GPI,81.19,24,33,54,57,2638
WMK,81.17,24,28,30,48,2639
IINN,81.17,24,73,58,91,2640
QTWO,81.16,24,22,6,63,2641
ALK,81.15,24,27,27,63,2642
RMAX,81.11,24,23,29,28,2643
INN,81.08,24,28,44,63,2644
OCCI,81.08,24,16,15,28,2645
TPL,81.02,24,13,17,10,2646
RGR,81.0,24,20,74,19,2647
SAM,80.96,24,21,38,9,2648
RAMP,80.95,24,52,28,67,2649
INUV,80.9,24,15,11,92,2650
RSG,80.88,24,30,33,57,2651
BCBP,80.87,24,31,13,14,2652
RVSB,80.86,24,46,29,48,2653
VICI,80.83,24,27,38,52,2654
SBAC,80.8,24,26,19,53,2655
AKA,80.79,24,29,44,16,2656
VRTS,80.78,24,25,33,64,2657
SANG,80.77,24,30,12,47,2658
AVB,80.74,23,22,22,29,2659
GSBD,80.74,23,29,22,44,2660
BBSI,80.68,23,19,42,66,2661
SNDL,80.65,23,73,85,22,2662
EHC,80.64,23,33,71,62,2663
LNTH,80.63,23,34,4,5,2664
FRSH,80.62,23,27,11,54,2665
MGLD,80.58,23,26,28,9,2666
BGS,80.58,23,34,24,4,2667
TLYS,80.53,23,33,10,2,2668
INMD,80.53,23,27,41,17,2669
NVEC,80.52,23,50,44,70,2670
TOST,80.51,23,25,39,88,2671
KR,80.51,23,37,53,69,2672
SCVL,80.49,23,14,19,21,2673
PBH,80.48,23,17,13,36,2674
FRPT,80.46,23,21,3,6,2675
WHF,80.4,23,22,12,21,2676
KELYB,80.35,23,8,29,23,2677
NAGE,80.35,23,10,73,97,2678
BFAM,80.34,23,20,15,23,2679
AIG,80.34,23,56,37,39,2680
WOOF,80.33,23,34,45,74,2681
MGEE,80.27,23,26,30,31,2682
BV,80.27,23,22,18,55,2683
RGP,80.25,23,22,10,9,2684
SAP,80.25,23,29,41,69,2685
ASTH,80.25,23,13,50,2,2686
VTS,80.23,23,26,34,51,2687
LYB,80.23,23,12,6,27,2688
KFRC,80.19,23,15,3,15,2689
EG,80.16,23,32,35,20,2690
DSS,80.14,23,29,83,20,2691
ETD,80.09,23,26,37,49,2692
BTDR,80.08,23,10,96,82,2693
WFCF,80.05,22,53,58,32,2694
KIDS,80.02,22,17,9,24,2695
ASRT,80.0,22,34,56,22,2696
ROCK,79.99,22,17,56,51,2697
FFIV,79.96,22,25,61,80,2698
GERN,79.94,22,18,8,2,2699
GFL,79.91,22,31,38,53,2700
KREF,79.9,22,31,27,24,2701
SSTK,79.84,22,23,73,19,2702
AMH,79.83,22,24,25,37,2703
EVTC,79.8,22,19,22,37,2704
OPK,79.79,22,29,49,29,2705
FORD,79.77,22,56,99,96,2706
TLF,79.73,22,19,33,62,2707
GLAD,79.72,22,23,8,68,2708
QNTM,79.72,22,43,96,99,2709
ACIW,79.7,22,31,35,21,2710
INTA,79.7,22,16,8,12,2711
LWAY,79.65,22,19,61,79,2712
DMLP,79.64,22,20,17,22,2713
KNTK,79.62,22,15,13,19,2714
DIT,79.58,22,33,35,18,2715
MLTX,79.56,22,0,0,78,2716
PW,79.55,22,23,9,40,2717
NOG,79.51,22,14,8,22,2718
IH,79.5,22,29,81,92,2719
SE,79.5,22,17,79,91,2720
VVPR,79.49,22,91,95,99,2721
RDW,79.47,22,6,6,93,2722
PX,79.44,22,25,23,53,2723
KBR,79.43,22,19,15,9,2724
WCN,79.41,22,33,27,33,2725
KVUE,79.41,22,21,4,52,2726
ACB,79.32,21,59,64,40,2727
GOTU,79.32,21,8,48,80,2728
SPRY,79.32,21,27,5,82,2729
TCPC,79.21,21,20,11,36,2730
DECK,79.2,21,15,11,9,2731
FRPH,79.2,21,20,20,27,2732
KTCC,79.19,21,11,34,16,2733
BIRK,79.17,21,31,16,29,2734
MNDO,79.14,21,21,5,12,2735
SAH,79.1,21,27,64,84,2736
NNVC,79.09,21,22,39,71,2737
AIN,79.09,21,14,12,35,2738
MDLZ,79.08,21,20,28,52,2739
UTI,79.06,21,22,72,87,2740
ALAR,78.98,21,6,82,66,2741
GOOD,78.95,21,14,13,27,2742
NTWK,78.94,21,25,84,90,2743
FMS,78.92,21,31,66,78,2744
GROV,78.89,21,24,66,72,2745
VNO,78.87,21,20,45,60,2746
XPOF,78.87,21,19,5,35,2747
AAP,78.86,21,31,70,93,2748
LGL,78.86,21,26,28,70,2749
SKWD,78.84,21,38,23,60,2750
ECC,78.84,21,17,18,19,2751
SNAP,78.82,21,18,11,39,2752
SHEN,78.81,21,21,35,64,2753
ELTK,78.78,21,32,60,56,2754
MDWD,78.75,21,50,51,64,2755
MLR,78.72,21,21,16,10,2756
SPIR,78.72,21,28,53,40,2757
MGPI,78.68,21,18,6,11,2758
EXPI,78.64,21,42,48,47,2759
FKWL,78.56,21,48,63,14,2760
TU,78.5,21,17,38,60,2761
HQY,78.5,21,41,37,57,2762
HCKT,78.48,20,17,9,18,2763
TISI,78.48,20,24,11,33,2764
VEEV,78.48,20,20,73,82,2765
NYC,78.46,20,19,21,89,2766
BATL,78.43,20,12,5,5,2767
INGR,78.42,20,20,25,43,2768
GBR,78.41,20,9,28,34,2769
XCUR,78.4,20,31,20,94,2770
TIPT,78.37,20,13,15,46,2771
UPST,78.35,20,14,13,96,2772
BOC,78.34,20,36,35,25,2773
ANGI,78.31,20,14,14,36,2774
DEO,78.23,20,20,21,16,2775
FIS,78.22,20,28,15,39,2776
AXR,78.22,20,15,29,21,2777
VTSI,78.2,20,16,46,66,2778
JD,78.17,20,15,29,37,2779
MHH,78.16,20,21,11,16,2780
FENG,78.14,20,19,53,50,2781
DCTH,78.13,20,18,59,39,2782
TUSK,78.09,20,9,9,10,2783
BAH,78.01,20,20,12,13,2784
WFG,78.0,20,13,16,22,2785
ZBH,77.94,20,26,43,22,2786
AAON,77.93,20,23,59,10,2787
SPOT,77.93,20,33,73,90,2788
DLTH,77.91,20,47,76,18,2789
SLGN,77.88,20,18,15,59,2790
YMM,77.83,20,27,69,74,2791
GNE,77.75,20,22,23,83,2792
IKT,77.71,20,14,10,26,2793
VVV,77.7,20,15,30,30,2794
ADP,77.7,20,26,31,51,2795
KHC,77.69,20,26,20,24,2796
NEN,77.64,20,23,29,29,2797
OCC,77.62,19,98,97,91,2798
GIFT,77.62,19,13,26,3,2799
SLNG,77.58,19,54,40,28,2800
ZBRA,77.57,19,19,26,58,2801
MSI,77.52,19,16,40,29,2802
ALT,77.5,19,46,11,6,2803
RELX,77.48,19,18,23,51,2804
BOX,77.44,19,27,44,54,2805
OC,77.39,19,12,15,18,2806
PDSB,77.37,19,7,6,5,2807
ASGN,77.34,19,16,8,4,2808
MBOT,77.28,19,77,89,96,2809
FSV,77.27,19,17,44,38,2810
BMI,77.23,19,26,12,20,2811
PED,77.21,19,16,11,12,2812
BMRA,77.15,19,17,16,48,2813
DLB,77.14,19,24,25,36,2814
UPBD,77.12,19,8,22,42,2815
RXO,77.11,19,17,34,14,2816
PGR,77.02,19,27,21,37,2817
REFR,76.99,19,47,49,80,2818
XRAY,76.98,19,13,11,27,2819
BNED,76.96,19,23,41,16,2820
LIQT,76.92,19,30,71,82,2821
HRL,76.92,19,21,13,28,2822
PINS,76.89,19,12,41,75,2823
INVH,76.84,19,19,22,30,2824
XGN,76.83,19,68,98,97,2825
PLTK,76.73,19,37,6,10,2826
GPN,76.73,19,28,34,26,2827
TBI,76.73,19,10,15,73,2828
IMMR,76.65,19,26,29,17,2829
XBIT,76.58,19,10,6,6,2830
FRHC,76.55,19,28,71,89,2831
ATR,76.5,19,18,15,45,2832
SDGR,76.45,19,21,32,36,2833
GLBZ,76.42,18,16,19,31,2834
LOVE,76.42,18,10,5,10,2835
TNET,76.42,18,14,12,7,2836
IOT,76.4,18,45,20,23,2837
MKTX,76.35,18,22,9,20,2838
AVD,76.3,18,21,79,5,2839
IOVA,76.27,18,12,3,9,2840
SEER,76.27,18,18,51,43,2841
TOPS,76.26,18,35,28,15,2842
OXM,76.21,18,8,8,6,2843
OXLC,76.16,18,12,12,11,2844
ONL,76.03,18,13,34,40,2845
GRNT,75.97,18,25,37,27,2846
INTZ,75.95,18,75,86,95,2847
RLI,75.92,18,28,12,18,2848
ADBE,75.87,18,23,15,15,2849
PSN,75.87,18,21,45,27,2850
SLG,75.85,18,9,23,35,2851
GDYN,75.83,18,23,2,6,2852
NXPL,75.81,18,12,28,47,2853
STVN,75.78,18,21,57,72,2854
FSK,75.78,18,25,9,67,2855
AVPT,75.74,18,19,19,85,2856
MX,75.74,18,11,11,58,2857
FGBI,75.73,18,4,13,13,2858
POOL,75.69,18,10,24,25,2859
FLWS,75.68,18,8,7,36,2860
HY,75.67,18,17,12,15,2861
PDYN,75.65,18,11,89,98,2862
SEED,75.59,18,44,83,1,2863
AMSF,75.54,18,21,19,20,2864
NDRA,75.49,18,79,74,68,2865
SKYH,75.47,18,24,23,34,2866
ACI,75.47,18,25,35,40,2867
GIS,75.44,18,21,19,13,2868
MED,75.33,17,16,22,40,2869
MANH,75.3,17,16,21,34,2870
RACE,75.28,17,14,16,66,2871
GECC,75.28,17,13,8,64,2872
DSGX,75.25,17,21,22,33,2873
MNR,75.2,17,22,18,42,2874
GWRE,75.16,17,32,72,76,2875
PUBM,75.13,17,23,4,30,2876
DOCU,75.06,17,20,17,56,2877
IGC,74.96,17,33,66,63,2878
LNG,74.93,17,18,39,50,2879
FG,74.93,17,33,14,10,2880
MMC,74.91,17,24,19,26,2881
DT,74.89,17,25,29,59,2882
FTNT,74.87,17,26,18,77,2883
JBI,74.87,17,13,73,56,2884
ACM,74.77,17,21,74,63,2885
TW,74.73,17,18,12,50,2886
KLTR,74.73,17,19,17,67,2887
EH,74.71,17,15,56,81,2888
KD,74.66,17,13,15,80,2889
ASTL,74.61,17,12,2,36,2890
SEVN,74.61,17,20,21,20,2891
GAIA,74.58,17,13,80,10,2892
JJSF,74.58,17,14,6,10,2893
OWL,74.57,17,16,12,38,2894
YSG,74.55,17,5,93,98,2895
IRDM,74.5,17,15,5,79,2896
KEQU,74.48,17,20,31,89,2897
WEAV,74.47,17,11,4,6,2898
ENR,74.43,17,10,24,11,2899
MSC,74.38,17,21,31,69,2900
LSTA,74.35,17,17,26,29,2901
LVWR,74.35,17,70,80,90,2902
NSYS,74.33,17,11,42,13,2903
NFLX,74.29,16,22,74,85,2904
INO,74.26,16,20,79,2,2905
USIO,74.1,16,41,15,51,2906
THCH,74.08,16,14,15,31,2907
PCTY,74.07,16,18,13,48,2908
MTR,74.07,16,15,21,19,2909
UNH,74.01,16,25,29,2,2910
SPOK,74.01,16,18,42,67,2911
WDAY,73.94,16,30,32,39,2912
LMNR,73.93,16,21,14,8,2913
ATHM,73.91,16,19,43,45,2914
NGNE,73.9,16,63,91,50,2915
HUDI,73.87,16,18,17,8,2916
ANIK,73.86,16,18,4,3,2917
LANV,73.79,16,44,51,81,2918
YELP,73.76,16,23,26,31,2919
NVCR,73.69,16,14,12,13,2920
MDXG,73.69,16,38,33,32,2921
WSC,73.67,16,12,8,35,2922
INSP,73.63,16,64,2,10,2923
ATHE,73.63,16,24,91,97,2924
KTB,73.62,16,26,77,21,2925
GRND,73.59,16,13,8,74,2926
MOGO,73.58,16,19,85,93,2927
MMI,73.53,16,17,21,19,2928
LMB,73.5,16,13,30,89,2929
DFH,73.47,16,11,26,51,2930
OSPN,73.46,16,16,39,36,2931
NHTC,73.45,16,12,39,18,2932
MASI,73.44,16,22,30,62,2933
INBK,73.43,16,16,7,15,2934
ASIX,73.42,16,9,14,19,2935
FORR,73.38,16,6,9,13,2936
EIC,73.37,16,16,23,20,2937
ALKT,73.34,16,14,9,18,2938
SAVA,73.3,15,78,92,20,2939
HOG,73.27,15,13,48,19,2940
HIMS,73.25,15,22,92,98,2941
ITRI,73.24,15,17,65,79,2942
PLAY,73.23,15,20,5,82,2943
AJG,73.22,15,19,26,41,2944
BRN,73.15,15,11,18,3,2945
IFRX,73.13,15,24,54,2,2946
AMS,73.13,15,16,12,12,2947
PLSE,73.02,15,21,55,12,2948
ESOA,73.0,15,16,42,62,2949
AVTR,72.9,15,11,24,5,2950
MMYT,72.87,15,16,19,38,2951
OPRA,72.83,15,12,43,73,2952
FF,72.77,15,17,27,17,2953
SWKS,72.76,15,25,41,24,2954
ZTS,72.76,15,11,23,21,2955
KRO,72.72,15,10,5,5,2956
FATE,72.7,15,43,66,5,2957
AESI,72.67,15,9,5,11,2958
GME,72.59,15,18,27,23,2959
GSHD,72.57,15,16,4,63,2960
GWRS,72.56,15,16,43,19,2961
WEST,72.42,15,12,9,43,2962
PRQR,72.38,15,62,87,61,2963
XLO,72.36,15,20,31,10,2964
ENPH,72.29,15,7,7,2,2965
TDOC,72.29,15,26,55,38,2966
VRSK,72.26,15,14,12,46,2967
KMX,72.24,15,5,4,14,2968
LOCL,72.23,15,79,74,80,2969
TMUS,72.16,15,17,37,45,2970
LOOP,72.15,15,9,80,26,2971
KELYA,72.09,15,8,24,23,2972
SRAD,72.0,15,37,77,94,2973
MORN,71.97,14,12,6,19,2974
STG,71.94,14,21,43,92,2975
SGLY,71.94,14,4,4,13,2976
OPTT,71.92,14,26,76,98,2977
TTEC,71.9,14,29,11,68,2978
POWI,71.89,14,9,18,22,2979
RDI,71.83,14,15,49,36,2980
TYL,71.74,14,15,18,31,2981
IPAR,71.74,14,9,12,58,2982
PRGS,71.73,14,20,13,12,2983
FNKO,71.7,14,7,1,5,2984
LTRN,71.69,14,31,70,48,2985
PVH,71.64,14,34,46,17,2986
TEF,71.64,14,22,59,73,2987
DV,71.64,14,11,6,32,2988
WLYB,71.64,14,11,18,21,2989
KNSL,71.55,14,20,28,48,2990
APOG,71.48,14,21,10,8,2991
OSUR,71.43,14,11,22,20,2992
KOSS,71.41,14,15,22,41,2993
VHI,71.35,14,10,8,16,2994
TGTX,71.32,14,27,54,82,2995
TOMZ,71.28,14,32,56,72,2996
NTRP,71.27,14,42,16,83,2997
DRIO,71.2,14,78,19,9,2998
OGCP,71.17,14,17,27,13,2999
ESRT,71.08,14,17,18,17,3000
PENN,71.06,14,14,31,48,3001
PAYX,71.0,14,18,21,49,3002
NOMD,70.98,14,14,6,37,3003
BSY,70.84,14,18,40,77,3004
EVGN,70.81,14,15,26,10,3005
MTNB,70.81,14,26,94,44,3006
FDS,70.79,14,10,4,24,3007
ROP,70.74,14,18,25,36,3008
AOSL,70.65,13,8,60,49,3009
ESBA,70.64,13,17,18,17,3010
FIZZ,70.61,13,16,13,45,3011
DHX,70.52,13,9,36,90,3012
KRNT,70.51,13,10,3,49,3013
HUIZ,70.44,13,65,84,32,3014
FNGR,70.37,13,29,32,30,3015
WLY,70.31,13,11,20,17,3016
IART,70.3,13,15,34,3,3017
EVGO,70.27,13,13,63,69,3018
STKL,70.26,13,5,34,82,3019
RYAN,70.23,13,24,10,30,3020
BTAI,70.18,13,11,29,2,3021
PRT,70.17,13,50,44,50,3022
EPSN,70.17,13,16,10,37,3023
MYGN,70.16,13,27,63,0,3024
WD,70.15,13,12,37,12,3025
APM,70.13,13,61,64,89,3026
BBWI,70.12,13,9,14,40,3027
NTGR,70.06,13,28,79,75,3028
HGBL,70.05,13,8,11,52,3029
RXRX,70.04,13,13,44,29,3030
TFX,70.02,13,30,21,4,3031
HRB,69.99,13,18,23,32,3032
SPCE,69.99,13,24,52,41,3033
PYPL,69.9,13,20,20,55,3034
BARK,69.9,13,6,3,8,3035
LEE,69.87,13,3,1,3,3036
NICE,69.73,13,8,12,32,3037
TASK,69.7,13,12,22,71,3038
PAR,69.7,13,8,2,69,3039
USNA,69.69,13,6,6,58,3040
FLUT,69.65,13,18,33,81,3041
KMB,69.65,13,16,25,26,3042
INVZ,69.57,13,77,94,97,3043
EPM,69.48,12,15,34,43,3044
UTZ,69.45,12,11,17,37,3045
NTNX,69.44,12,7,36,73,3046
AURA,69.42,12,31,20,22,3047
WEN,69.37,12,11,7,8,3048
UFI,69.27,12,10,16,9,3049
HPQ,69.06,12,24,40,14,3050
DTIL,69.03,12,40,76,7,3051
FOXF,69.01,12,5,17,51,3052
EML,68.95,12,14,22,29,3053
SST,68.95,12,8,73,78,3054
SMTI,68.93,12,13,41,12,3055
AUR,68.9,12,8,16,55,3056
NCMI,68.89,12,11,8,11,3057
VIRC,68.81,12,12,7,5,3058
NWL,68.74,12,4,11,39,3059
BLZE,68.72,12,8,90,29,3060
PMCB,68.71,12,20,11,3,3061
VITL,68.71,12,25,53,43,3062
TSQ,68.7,12,11,11,18,3063
UIS,68.64,12,6,8,16,3064
ASAN,68.64,12,33,28,36,3065
HSTM,68.49,12,16,23,14,3066
BMEA,68.48,12,3,4,2,3067
RFL,68.47,12,22,5,75,3068
MDAI,68.41,12,15,84,94,3069
TRNS,68.38,12,9,9,9,3070
GTLB,68.37,12,14,36,22,3071
RRGB,68.35,12,9,83,95,3072
MAPS,68.2,12,24,56,18,3073
WPP,68.2,12,7,7,6,3074
FISK,68.12,12,16,23,13,3075
BOW,68.1,12,20,8,35,3076
AGIO,68.08,12,11,67,65,3077
NSP,68.07,12,6,6,6,3078
SGRP,68.0,11,9,8,6,3079
PAYO,67.97,11,17,10,25,3080
INGN,67.93,11,22,63,9,3081
TOUR,67.91,11,10,24,23,3082
DEI,67.77,11,10,19,42,3083
GLOB,67.64,11,13,1,2,3084
AUTL,67.61,11,29,8,69,3085
ARKR,67.51,11,11,7,9,3086
AWX,67.44,11,39,38,30,3087
BRO,67.44,11,15,14,27,3088
SYBX,67.4,11,11,70,70,3089
HHS,67.38,11,12,12,3,3090
VYNE,67.35,11,6,0,5,3091
RMTI,67.22,11,5,16,4,3092
STKS,67.22,11,6,10,36,3093
SNGX,67.21,11,7,14,1,3094
RNW,67.19,11,50,63,74,3095
EEFT,67.14,11,14,19,49,3096
AMBC,67.12,11,30,18,18,3097
ENVX,67.09,11,37,58,92,3098
USEG,67.05,11,8,20,24,3099
LDWY,67.01,11,11,68,79,3100
AEYE,66.92,11,27,28,9,3101
MOH,66.86,11,9,12,3,3102
FLL,66.83,11,19,3,72,3103
BCYC,66.78,11,18,16,4,3104
GHG,66.67,11,11,15,41,3105
^VIX,66.67,11,29,80,9,3106
FOUR,66.64,11,12,10,75,3107
RBBN,66.64,11,13,42,64,3108
ITP,66.56,11,34,51,7,3109
NYXH,66.48,11,10,7,34,3110
TRI,66.38,11,12,19,69,3111
PAYC,66.34,11,11,35,75,3112
ARM,66.31,11,28,72,68,3113
LUNG,66.22,10,33,1,3,3114
DYAI,66.22,10,15,27,12,3115
RAND,66.18,10,42,12,66,3116
IXHL,66.02,10,22,1,28,3117
GEO,65.99,10,8,7,49,3118
BAX,65.99,10,8,11,16,3119
NOW,65.94,10,25,33,55,3120
BRAG,65.86,10,6,5,37,3121
UDMY,65.84,10,8,23,26,3122
HFFG,65.81,10,15,9,17,3123
SGRY,65.69,10,9,26,22,3124
BWIN,65.64,10,7,2,23,3125
TEAM,65.63,10,15,8,31,3126
ATUS,65.61,10,14,24,80,3127
PRKS,65.56,10,11,53,46,3128
DVA,65.55,10,21,16,38,3129
LEXX,65.46,10,29,3,1,3130
TGLS,65.43,10,9,15,62,3131
FIVN,65.42,10,10,10,29,3132
SRPT,65.4,10,12,18,0,3133
BTBT,65.3,10,12,76,72,3134
RELY,65.29,10,13,18,33,3135
RNTX,65.28,10,42,6,4,3136
PD,65.27,10,13,36,12,3137
RUM,65.21,10,22,21,80,3138
KPRX,65.14,10,9,18,15,3139
BCDA,65.12,10,9,4,54,3140
IMUX,65.12,10,7,11,11,3141
GPK,65.11,10,8,6,15,3142
SCYX,65.11,10,6,19,3,3143
DFLI,65.09,10,96,97,0,3144
SKLZ,65.09,10,33,72,93,3145
NAAS,65.01,10,9,4,0,3146
MTEX,64.93,10,30,43,23,3147
WPRT,64.87,10,4,2,46,3148
SMMT,64.78,9,28,31,86,3149
NNBR,64.71,9,3,12,14,3150
ENOV,64.67,9,10,32,5,3151
GHI,64.46,9,5,19,24,3152
PLRX,64.44,9,7,8,1,3153
TREX,64.42,9,4,13,41,3154
KPLT,64.42,9,6,73,83,3155
YCBD,64.37,9,64,5,0,3156
ATOS,64.16,9,34,71,18,3157
NPWR,64.0,9,23,69,12,3158
EHTH,63.98,9,31,30,5,3159
PLUR,63.92,9,6,28,33,3160
SM,63.91,9,7,8,14,3161
DXLG,63.87,9,10,4,17,3162
RICK,63.85,9,10,5,20,3163
RARE,63.82,9,44,37,4,3164
MVIS,63.51,9,18,32,72,3165
AIRJ,63.41,9,5,47,5,3166
LW,63.4,9,45,70,21,3167
SMWB,63.36,9,12,31,54,3168
BRTX,63.36,9,10,25,23,3169
OEC,63.3,9,2,1,7,3170
TSSI,63.29,9,5,89,99,3171
DOMO,63.23,9,14,82,97,3172
LFWD,63.21,9,12,3,1,3173
IT,63.16,9,8,2,8,3174
LFT,63.13,9,7,10,34,3175
SCWO,63.0,9,8,83,1,3176
VTEX,62.89,9,11,6,44,3177
UONE,62.81,9,14,16,75,3178
AMN,62.71,9,12,22,8,3179
MERC,62.71,9,2,2,3,3180
NRXP,62.66,9,31,82,90,3181
FINV,62.62,9,7,17,90,3182
ACVA,62.61,9,5,2,16,3183
SMPL,62.6,8,5,7,20,3184
YRD,62.55,8,11,49,66,3185
BLNK,62.48,8,6,90,47,3186
GMM,62.3,8,2,87,98,3187
BYRN,62.26,8,18,53,82,3188
FLO,62.24,8,8,7,11,3189
EOLS,62.15,8,14,3,7,3190
BLRX,62.14,8,12,14,16,3191
RPAY,61.98,8,4,13,13,3192
BRNS,61.9,8,8,63,95,3193
HIHO,61.9,8,7,29,21,3194
FUBO,61.87,8,24,79,92,3195
SMR,61.85,8,7,95,98,3196
GCTS,61.85,8,18,12,7,3197
ABR,61.83,8,15,45,35,3198
ULH,61.46,8,6,4,8,3199
LOT,61.44,8,6,13,48,3200
DOCS,61.4,8,9,75,85,3201
ARE,61.36,8,3,20,16,3202
TENB,61.26,8,14,13,16,3203
GDDY,61.19,8,11,8,28,3204
ANEB,61.13,8,79,89,98,3205
HELE,61.05,8,6,3,1,3206
LI,60.96,8,7,19,81,3207
ALUR,60.89,8,5,2,12,3208
TNXP,60.75,8,16,15,96,3209
RHI,60.73,8,6,4,7,3210
PROP,60.68,8,3,0,5,3211
DCBO,60.62,8,8,8,14,3212
BEEM,60.62,8,17,70,78,3213
TTGT,60.58,8,5,2,5,3214
ASTC,60.44,8,12,4,10,3215
KMPR,60.43,8,8,11,38,3216
SNES,60.43,8,13,79,97,3217
JFIN,60.38,8,7,42,97,3218
MAN,60.28,7,7,8,13,3219
FVRR,60.03,7,13,16,44,3220
BTMD,60.03,7,7,5,18,3221
OBLG,59.9,7,10,9,76,3222
HUBS,59.88,7,7,9,32,3223
SSTI,59.73,7,4,20,22,3224
PRMB,59.72,7,5,9,39,3225
PRTS,59.6,7,2,9,20,3226
LGO,59.54,7,4,10,16,3227
SMCI,59.36,7,12,80,79,3228
IHT,59.27,7,5,4,37,3229
ODD,59.13,7,13,37,92,3230
PHR,59.06,7,6,25,67,3231
OFS,59.02,7,6,24,55,3232
ASPS,58.94,7,15,85,94,3233
AMWL,58.87,7,6,5,30,3234
ARBE,58.83,7,19,82,19,3235
IPWR,58.78,7,17,13,23,3236
SLNO,58.48,7,37,51,90,3237
SENS,58.33,7,10,10,34,3238
LBRDA,58.15,7,8,9,83,3239
BHST,58.1,7,11,92,78,3240
LBRDK,58.08,7,8,8,83,3241
LEGN,58.05,7,6,17,57,3242
NSIT,58.04,7,5,6,15,3243
BYND,57.99,7,1,0,64,3244
PXLW,57.92,7,10,16,90,3245
ENTX,57.86,7,59,74,26,3246
EDSA,57.84,7,14,47,17,3247
KOS,57.47,7,2,3,9,3248
UEIC,57.45,7,3,4,25,3249
TRAK,57.42,7,9,7,19,3250
GETY,57.39,7,9,37,9,3251
HCAT,57.35,7,6,5,7,3252
PRCT,57.24,7,8,2,25,3253
EXFY,57.16,6,7,7,27,3254
TTSH,57.12,6,47,35,49,3255
SGMO,56.92,6,7,30,8,3256
EP,56.89,6,6,5,21,3257
GTIM,56.66,6,7,7,4,3258
ARQ,56.62,6,3,79,67,3259
LVO,56.55,6,10,4,15,3260
MODD,56.55,6,1,3,2,3261
AMST,56.47,6,15,68,82,3262
LFMD,56.32,6,3,43,96,3263
TAIT,56.32,6,2,58,18,3264
AMTX,56.29,6,6,70,92,3265
OXBR,56.19,6,5,10,58,3266
NEXN,56.17,6,10,24,86,3267
NSPR,56.11,6,11,27,28,3268
ERNA,56.11,6,7,1,0,3269
RNAC,56.08,6,9,5,15,3270
PRGO,56.06,6,3,19,62,3271
SG,56.05,6,3,1,4,3272
AISP,55.87,6,7,81,93,3273
ZVIA,55.86,6,39,41,97,3274
INLX,55.75,6,8,16,70,3275
AHT,55.54,6,5,10,25,3276
BCLI,55.39,6,3,4,1,3277
GO,55.32,6,9,40,13,3278
SLQT,55.29,6,5,9,5,3279
FLUX,55.12,6,10,97,30,3280
RKDA,55.07,6,27,82,76,3281
PLCE,54.93,6,45,59,10,3282
ELDN,54.89,6,4,15,66,3283
ZLAB,54.81,6,3,38,85,3284
RXT,54.72,6,9,18,9,3285
SPT,54.5,6,4,1,7,3286
HAIN,54.36,6,3,1,1,3287
REE,54.28,6,9,36,0,3288
PTLO,54.26,5,3,2,41,3289
NINE,54.26,5,1,3,8,3290
KGEI,54.24,5,7,28,75,3291
IMRN,53.81,5,3,72,17,3292
QVCGB,53.77,5,4,1,0,3293
JCTC,53.76,5,5,17,11,3294
MNTK,53.75,5,12,10,6,3295
NGVC,53.74,5,7,51,64,3296
XAIR,53.58,5,0,2,2,3297
BRCC,53.39,5,6,4,4,3298
PMN,53.16,5,7,2,45,3299
SPWH,53.12,5,7,61,95,3300
SMLR,53.1,5,3,5,56,3301
AI,53.1,5,8,6,67,3302
SFM,52.99,5,4,9,80,3303
MARA,52.93,5,8,71,36,3304
UPLD,52.82,5,5,54,8,3305
RPD,52.77,5,7,5,6,3306
VERX,52.71,5,5,3,12,3307
VS,52.48,5,5,56,64,3308
VNRX,52.48,5,2,5,77,3309
TTD,52.41,5,5,3,60,3310
AFCG,52.19,5,9,3,5,3311
STIM,52.18,5,5,81,97,3312
XRX,52.12,5,3,2,43,3313
MXCT,51.99,5,9,4,4,3314
EUDA,51.66,5,67,32,9,3315
AIFU,51.61,5,3,8,89,3316
PHUN,51.57,5,6,8,11,3317
POLA,51.45,5,32,94,9,3318
YHGJ,51.37,5,9,6,21,3319
XBIO,51.34,5,10,77,54,3320
PPBT,51.3,5,6,0,8,3321
HNST,51.13,5,5,11,52,3322
XELB,50.88,5,3,17,1,3323
SQFT,50.82,4,10,15,50,3324
WIX,50.14,4,4,11,16,3325
WKSP,50.08,4,7,9,11,3326
FUN,49.96,4,2,3,10,3327
PSFE,49.91,4,4,8,8,3328
QMCO,49.87,4,14,83,50,3329
GTBP,49.34,4,2,0,17,3330
BQ,49.33,4,12,98,27,3331
RVPH,49.22,4,44,23,0,3332
VVOS,49.19,4,6,14,96,3333
BLIN,49.11,4,10,26,66,3334
BURU,49.04,4,47,56,56,3335
LX,48.94,4,3,31,96,3336
ADV,48.73,4,2,15,15,3337
GWH,48.52,4,59,92,4,3338
EXOD,48.47,4,2,22,77,3339
HPK,48.46,4,2,6,6,3340
ATER,48.38,4,4,2,3,3341
SABR,48.11,4,5,3,67,3342
YIBO,47.8,4,10,7,16,3343
IMNN,47.79,4,3,2,2,3344
GOGO,47.71,4,4,36,97,3345
HPP,47.46,4,4,28,11,3346
SOS,47.41,4,2,0,61,3347
MYND,47.39,4,4,8,7,3348
JELD,47.28,4,2,10,3,3349
WATT,47.24,4,6,9,80,3350
QFIN,47.21,4,4,7,79,3351
HUMA,47.2,4,4,4,41,3352
LAKE,46.81,4,3,30,7,3353
SSKN,46.8,4,10,15,6,3354
INMB,46.69,4,4,1,0,3355
AMC,46.49,4,7,12,35,3356
SKYE,46.34,4,1,2,93,3357
SDST,46.2,4,23,9,1,3358
ALVO,46.14,3,4,21,15,3359
MDIA,45.99,3,5,44,26,3360
DAVA,45.9,3,2,1,3,3361
IMTE,45.77,3,8,11,20,3362
RCEL,45.66,3,2,9,4,3363
MSTR,45.63,3,3,21,90,3364
LRN,45.49,3,2,77,85,3365
ARAY,45.45,3,6,59,9,3366
BHAT,45.29,3,4,2,0,3367
XYF,45.16,3,4,79,98,3368
MYPS,45.15,3,4,6,13,3369
SOC,45.1,3,0,2,87,3370
APRE,44.99,3,2,8,9,3371
SKIL,44.99,3,1,14,6,3372
ELBM,44.82,3,13,68,24,3373
RC,44.68,3,3,6,9,3374
VTAK,44.52,3,5,1,1,3375
BZFD,44.48,3,2,7,67,3376
DCGO,44.38,3,2,3,2,3377
RZLT,44.36,3,1,94,82,3378
GAMB,44.2,3,4,5,33,3379
FLD,44.17,3,8,6,4,3380
LNZA,43.62,3,3,7,51,3381
DUOL,43.45,3,5,38,77,3382
MYO,43.38,3,7,0,1,3383
ARCT,43.36,3,2,86,24,3384
IVDA,43.29,3,4,2,12,3385
SCNX,43.14,3,2,0,67,3386
GLMD,42.68,3,4,5,8,3387
AVXL,42.5,3,2,47,94,3388
LSF,42.26,3,1,13,81,3389
SER,42.23,3,6,21,14,3390
KULR,41.93,3,4,10,89,3391
BIOX,41.38,3,3,1,3,3392
JANX,41.31,3,3,16,4,3393
BRBR,41.26,2,5,2,10,3394
PAVM,41.08,2,5,7,6,3395
ADIL,41.07,2,7,2,2,3396
GMGI,40.91,2,6,2,8,3397
UHG,40.91,2,1,72,77,3398
UGRO,40.91,2,4,10,2,3399
VSEE,40.71,2,3,1,22,3400
ASPN,40.6,2,2,34,19,3401
VERU,40.49,2,3,4,9,3402
ACHC,40.38,2,4,19,5,3403
PSQH,39.59,2,4,15,14,3404
RENB,39.44,2,1,0,2,3405
NIXX,39.35,2,3,13,25,3406
THRY,39.01,2,2,13,10,3407
INM,38.29,2,3,5,5,3408
ANY,37.98,2,5,86,35,3409
FATBB,37.84,2,4,31,18,3410
PULM,37.62,2,10,49,94,3411
MLSS,37.54,2,3,2,5,3412
IPDN,37.38,2,8,90,71,3413
EVH,37.1,2,2,6,12,3414
FMC,36.94,2,1,5,20,3415
GPUS,36.57,2,1,0,0,3416
ATRA,36.44,2,94,92,91,3417
INDP,35.84,2,2,0,1,3418
MVO,35.52,2,0,18,20,3419
SOBR,35.51,2,1,3,3,3420
KRRO,35.14,2,1,97,2,3421
AQMS,35.07,2,27,87,0,3422
OLB,34.45,2,7,14,25,3423
OMI,34.02,2,1,1,11,3424
LPSN,34.0,2,2,1,31,3425
ATYR,33.67,2,1,0,97,3426
PCSA,33.16,2,30,59,1,3427
SQNS,33.02,2,1,0,72,3428
NFE,32.79,1,1,0,1,3429
BGM,32.78,1,4,33,61,3430
SDOT,32.57,1,0,1,3,3431
ICU,32.31,1,0,2,0,3432
SCPX,32.21,1,0,0,1,3433
TIL,31.88,1,2,16,89,3434
GOCO,31.37,1,2,2,1,3435
AGAE,31.19,1,1,3,92,3436
ENSC,31.06,1,3,48,1,3437
ITRM,30.9,1,2,5,3,3438
NOTV,29.74,1,1,6,52,3439
RIME,29.56,1,6,3,2,3440
NCPL,29.16,1,2,52,88,3441
OTLK,29.0,1,88,3,14,3442
MIGI,28.89,1,2,97,9,3443
BIVI,28.84,1,1,0,2,3444
FTFT,28.37,1,4,21,74,3445
BNZI,28.22,1,0,1,0,3446
NCNA,27.92,1,1,0,0,3447
MREO,27.87,1,29,18,2,3448
LMFA,27.76,1,2,1,96,3449
AIM,27.75,1,0,0,42,3450
NEON,27.64,1,1,0,99,3451
RVYL,27.52,1,6,3,0,3452
TPST,26.03,1,1,80,2,3453
ORGN,25.33,1,7,20,10,3454
MNTS,24.45,1,3,5,0,3455
WKHS,24.23,1,1,1,10,3456
EZGO,24.18,1,1,1,7,3457
AUID,23.04,1,0,1,2,3458
SOAR,22.26,1,5,60,1,3459
XXII,22.21,1,0,0,0,3460
HURA,21.42,1,1,4,2,3461
NVNO,20.73,1,0,0,90,3462
KALA,20.54,1,0,0,76,3463
SPRB,20.11,0,99,0,1,3464
AEMD,18.91,0,0,0,1,3465
TSE,18.82,0,0,2,12,3466
PHGE,18.71,0,0,54,2,3467
NAOV,17.95,0,1,0,0,3468
LGMK,17.82,0,0,1,0,3469
VINC,17.63,0,0,0,0,3470
DGLY,17.52,0,1,1,0,3471
GWAV,17.08,0,3,0,41,3472
SHOT,16.93,0,1,1,93,3473
FCUV,16.05,0,59,77,11,3474
SLRX,15.3,0,0,0,3,3475
FAT,14.52,0,0,9,18,3476
APLT,14.43,0,0,95,8,3477
APVO,13.92,0,1,0,0,3478
GNPX,13.8,0,0,87,4,3479
BOXL,11.32,0,1,14,36,3480
SLE,10.1,0,0,1,0,3481
JTAI,10.01,0,1,4,4,3482
GTI,8.89,0,0,1,1,3483
GRI,8.53,0,0,8,1,3484
WHLR,8.53,0,0,0,0,3485
DRCT,5.92,0,0,1,1,3486
AREB,5.74,0,0,0,0,3487
ASNS,5.59,0,1,7,1,3488
WINT,5.04,0,1,0,0,3489
IRBT,4.55,0,43,63,84,3490
ARBK,4.42,0,0,43,3,3491
PRPH,3.96,0,0,46,6,3492
ZYXI,3.23,0,1,1,2,3493
MSPR,2.4,0,0,0,0,3494
LAZR,2.22,0,0,1,3,3495
VIVK,2.22,0,0,0,4,3496
SOND,0.31,0,0,2,15,3497
YGMZ,0.02,0,0,61,13,3498
