Ticker,Relative Strength,Percentile,1 Month Ago,3 Months Ago,6 Months Ago,Rank
QTTB,443.69,99,99,96,90,1
FBRX,402.56,99,55,94,99,2
SLS,386.28,99,99,97,98,3
RXT,373.84,99,99,99,1,4
BBGI,346.85,99,99,99,16,5
EVC,328.94,99,99,98,73,6
ATEX,304.73,99,99,96,77,7
SIF,301.24,99,99,99,94,8
SYRE,297.62,99,99,99,92,9
MU,285.21,99,99,99,98,10
ORKA,280.24,99,99,99,96,11
AEHR,273.47,99,97,99,97,12
LITE,272.98,99,99,99,99,13
STTK,272.34,99,99,99,99,14
BFLY,268.97,99,98,93,85,15
RLMD,265.6,99,99,99,99,16
BLZE,262.81,99,99,84,8,17
AAOI,259.61,99,98,99,96,18
MXL,256.07,99,99,99,76,19
WDC,253.85,99,99,99,99,20
LQDA,253.45,99,99,91,94,21
TWST,251.06,99,97,90,88,22
APPS,248.53,99,98,22,20,23
NVCT,246.18,99,98,57,76,24
TXG,244.25,99,97,90,86,25
ASTC,242.91,99,97,9,11,26
ALTO,240.21,99,99,98,97,27
DNTH,239.51,99,98,98,95,28
CDNA,238.45,99,90,80,68,29
FCEL,238.39,99,99,97,76,30
RVMD,234.03,99,99,97,96,31
ALOT,231.1,99,98,86,36,32
OTLK,227.62,99,99,0,1,33
SLGL,226.13,99,99,99,99,34
CARM,225.12,99,0,0,2,35
BW,223.8,99,99,99,99,36
TNGX,223.58,99,99,99,99,37
FSLY,213.92,98,92,97,34,38
NDLS,212.54,98,98,96,8,39
ETON,211.29,98,94,92,27,40
REPL,208.87,98,94,3,33,41
ICHR,208.28,98,99,99,98,42
BAND,206.95,98,99,99,21,43
KOD,206.71,98,99,99,99,44
FTK,206.59,98,85,52,79,45
BDSX,205.73,98,98,93,62,46
VNCE,205.25,98,98,96,70,47
IRWD,205.25,98,98,98,99,48
HYMC,204.62,98,97,99,99,49
PRAX,202.88,98,99,99,99,50
ZNTL,200.79,98,98,98,91,51
MEI,200.08,98,97,77,68,52
APGE,200.05,98,98,92,87,53
PLSE,199.7,98,91,45,87,54
ELVN,198.61,98,97,94,82,55
BE,198.13,98,99,99,99,56
ACRS,197.0,98,97,96,94,57
ARWR,195.2,98,97,98,98,58
FET,194.58,98,87,95,97,59
FOSL,194.2,98,81,96,97,60
OCC,193.48,98,98,94,60,61
OVID,193.27,98,97,99,98,62
SEZL,192.22,98,96,80,37,63
HPE,192.05,98,95,85,59,64
AMWL,190.75,98,86,88,14,65
EDSA,190.7,98,98,99,5,66
CRNX,189.63,98,97,38,79,67
ABSI,189.09,98,99,95,13,68
LCUT,188.47,98,91,93,31,69
INTC,186.79,98,99,99,94,70
TRT,186.57,98,98,99,95,71
PVLA,185.74,98,98,97,98,72
PRLD,185.3,98,98,99,95,73
VSAT,184.89,97,97,98,98,74
TVTX,184.88,97,97,92,68,75
LIND,184.41,97,93,86,91,76
DOCN,183.69,97,99,99,89,77
SPHR,183.37,97,96,97,94,78
URGN,183.21,97,97,90,83,79
DDOG,183.09,97,96,88,20,80
GH,182.98,97,96,80,94,81
ASX,182.73,97,98,97,96,82
CMPS,182.43,97,98,94,81,83
UCTT,181.7,97,98,98,96,84
GLBS,181.5,97,94,91,87,85
MYE,180.69,97,95,69,88,86
MNPR,180.27,97,93,73,69,87
INNV,180.21,97,96,94,96,88
TLYS,180.15,97,95,98,32,89
AMPG,179.15,97,98,16,51,90
VICR,178.73,97,99,99,98,91
MRVI,178.58,97,97,82,60,92
PSNL,178.02,97,96,33,88,93
COGT,177.5,97,96,98,99,94
UMC,177.26,97,99,94,88,95
PANW,176.99,97,93,63,19,96
ELA,176.31,97,97,98,90,97
PGEN,176.02,97,94,91,97,98
MCS,175.81,97,86,60,28,99
IRDM,175.45,97,97,93,30,100
DWSN,174.86,97,99,93,91,101
EWTX,174.63,97,97,94,91,102
RRGB,174.47,97,89,30,19,103
LASR,173.82,97,93,98,99,104
NGL,173.75,97,96,98,97,105
NWPX,173.42,97,98,95,86,106
DAVE,173.41,97,95,81,32,107
RNG,173.0,97,74,90,31,108
PLPC,172.92,97,88,92,91,109
CIEN,172.22,96,98,99,98,110
MGNX,171.61,96,97,93,40,111
BB,171.06,96,98,91,17,112
SILC,170.67,96,97,97,71,113
HYLN,170.63,96,97,77,43,114
BWEN,170.63,96,96,39,73,115
AMAT,170.46,96,96,94,92,116
BVS,169.27,96,90,81,42,117
FRD,168.24,96,94,66,62,118
MOV,168.07,96,95,86,86,119
ENVA,167.96,96,92,83,78,120
NEO,167.68,96,94,41,73,121
NNBR,167.08,96,97,83,23,122
AMD,166.19,96,98,97,80,123
EDRY,165.31,96,91,93,76,124
TER,165.27,96,96,97,98,125
FTNT,165.05,96,94,79,33,126
OESX,164.58,96,66,46,90,127
ENTX,164.42,96,65,10,10,128
FLXS,164.35,96,92,82,87,129
TLPH,164.27,96,91,79,67,130
CAKE,164.22,96,82,55,67,131
OSCR,164.03,96,95,84,25,132
WHLRP,163.98,96,96,88,92,133
ALAB,163.91,96,99,84,57,134
VIAV,163.86,96,97,99,96,135
IBRX,163.73,96,98,98,98,136
DHX,163.53,96,90,89,62,137
PBT,163.38,96,89,86,81,138
ULCC,163.11,96,93,68,64,139
ATLC,163.01,96,90,85,34,140
BTSG,162.96,96,97,94,89,141
SNOW,162.92,96,83,15,20,142
PKOH,162.67,96,92,85,78,143
CTRN,162.55,96,88,78,85,144
ANAB,162.46,96,98,99,98,145
CLDT,162.39,96,93,83,49,146
LFST,162.09,95,94,77,54,147
COHR,161.5,95,96,97,96,148
WYY,161.39,95,98,88,37,149
OPHC,161.25,95,77,70,66,150
CRWD,161.04,95,92,69,23,151
DK,161.03,95,94,93,85,152
ENLT,160.75,95,96,98,98,153
KLIC,160.45,95,96,96,95,154
ATI,159.24,95,92,90,93,155
ACMR,159.2,95,98,92,98,156
AIP,158.58,95,97,98,81,157
BJRI,158.35,95,90,55,60,158
CURV,158.25,95,63,40,4,159
COHU,157.41,95,96,96,90,160
GTE,157.22,95,72,95,76,161
TBI,157.14,95,93,55,19,162
XMTR,156.64,95,95,89,85,163
WTTR,156.63,95,91,90,76,164
MKSI,156.54,95,98,96,96,165
RELL,156.3,95,90,86,82,166
TE,156.22,95,98,97,99,167
KELYB,155.97,95,95,61,92,168
ROIV,155.88,95,96,91,95,169
KFRC,155.7,95,92,78,22,170
PAYS,155.66,95,85,89,22,171
OUST,155.55,95,95,84,58,172
OKTA,155.29,95,93,24,28,173
XNCR,154.99,95,87,73,52,174
ELMD,154.31,95,95,60,45,175
LRCX,154.27,95,96,96,96,176
PTGX,154.2,95,95,88,88,177
AXGN,154.14,95,96,95,96,178
DSGN,154.04,95,97,97,96,179
IMMX,153.64,95,98,98,98,180
NTAP,153.37,95,87,58,31,181
ANIK,153.2,95,86,83,26,182
CNC,153.14,94,94,86,42,183
CLMT,152.97,94,94,93,90,184
AMLX,152.91,94,89,90,97,185
CBRL,152.84,94,85,17,17,186
NEWP,152.83,94,87,98,96,187
ARM,152.68,94,97,89,22,188
ATAI,152.61,94,84,80,86,189
NVEC,152.57,94,89,80,39,190
ECPG,152.05,94,92,92,71,191
PYXS,151.86,94,95,94,17,192
DHC,151.73,94,94,95,93,193
AAMI,151.38,94,91,89,84,194
ADPT,151.19,94,86,46,83,195
FEIM,151.17,94,88,95,95,196
GSAT,150.95,94,91,96,95,197
SN,150.42,94,83,47,69,198
ADAG,150.24,94,91,93,94,199
CVV,150.18,94,97,93,79,200
CARE,150.12,94,89,82,71,201
FTRE,149.98,94,96,91,76,202
NHC,149.79,94,91,85,88,203
GTX,149.73,94,96,94,90,204
IMUX,149.59,94,95,77,10,205
SMWB,149.56,94,83,3,3,206
DCO,149.49,94,91,85,87,207
ECO,149.49,94,93,93,88,208
ASYS,149.39,94,95,99,97,209
ZURA,149.29,94,94,95,99,210
IMVT,149.14,94,95,79,74,211
DGII,148.98,94,92,92,78,212
ONTO,148.91,94,94,94,93,213
NAT,148.81,94,91,93,85,214
OSS,148.69,94,98,98,97,215
ILMN,148.66,94,91,74,75,216
TH,148.61,94,95,95,37,217
CVGI,148.45,94,97,98,46,218
TWIN,148.3,93,89,90,92,219
OII,148.22,93,88,85,87,220
DAO,148.19,93,86,76,34,221
ADEA,147.98,93,88,94,81,222
INSW,147.65,93,95,94,86,223
IRD,147.32,93,95,98,98,224
TIGO,147.26,93,94,92,93,225
CRS,147.19,93,94,85,87,226
AMN,146.91,93,93,86,38,227
LWLG,146.48,93,96,99,92,228
CGEM,146.47,93,96,90,87,229
ACHV,146.29,93,96,87,74,230
FLEX,146.25,93,97,97,75,231
CYCN,146.1,93,82,93,5,232
VLO,146.04,93,90,87,81,233
KRT,145.59,93,79,59,46,234
NEOG,145.02,93,82,80,92,235
MRX,144.93,93,93,85,53,236
QUAD,144.49,93,83,73,44,237
JAZZ,143.9,93,91,92,79,238
FORR,143.79,93,82,18,9,239
GCTS,143.53,93,95,72,19,240
PRLB,143.46,93,85,79,85,241
EAT,143.43,93,64,34,73,242
KYMR,143.12,93,94,91,95,243
LPTH,143.12,93,95,96,97,244
NRIX,142.81,93,94,73,79,245
BZH,142.77,93,86,15,60,246
CYRX,142.56,93,92,91,47,247
PARR,142.19,93,92,96,90,248
ARW,142.19,93,88,85,81,249
NKTR,142.04,93,89,99,96,250
USIO,142.04,93,90,23,19,251
AMCX,141.97,93,82,74,36,252
TSAT,141.92,93,81,97,68,253
VECO,141.89,93,94,96,73,254
LGND,141.77,93,95,82,74,255
STM,141.74,92,96,96,85,256
ZETA,141.66,92,74,40,22,257
RCKY,141.62,92,75,80,74,258
CGON,141.61,92,92,95,93,259
LILA,141.57,92,88,50,67,260
SITM,141.52,92,96,98,95,261
ALNT,141.51,92,93,84,92,262
MRNA,141.41,92,96,93,87,263
ACHC,141.3,92,83,84,9,264
GEO,141.25,92,90,67,18,265
UFI,141.23,92,78,39,32,266
GKOS,141.17,92,87,82,54,267
STGW,141.09,92,85,69,33,268
AMRX,141.09,92,89,72,89,269
OOMA,140.85,92,89,89,24,270
AGX,140.84,92,96,97,94,271
NVRI,140.74,92,92,91,95,272
PKE,140.65,92,92,92,86,273
MT,140.48,92,86,82,94,274
UFCS,140.46,92,90,86,74,275
CRDO,140.24,92,97,93,78,276
CHEF,140.17,92,91,74,46,277
DDD,139.95,92,85,61,26,278
AIRJ,139.89,92,68,25,6,279
CXW,139.79,92,89,47,34,280
AVT,139.76,92,88,86,80,281
IMAX,139.6,92,60,61,73,282
PBI,139.34,92,92,88,50,283
LTH,139.16,92,88,58,46,284
DYN,139.1,92,93,71,58,285
TRVG,138.92,92,94,41,16,286
VSH,138.88,92,98,96,80,287
PGNY,138.87,92,89,55,29,288
MATX,138.81,92,91,80,86,289
LION,138.77,92,94,88,74,290
ALKS,138.62,92,93,56,53,291
ODC,138.54,91,93,80,74,292
SMTI,138.51,91,52,12,7,293
HURA,138.38,91,89,91,2,294
LINC,138.26,91,95,95,81,295
ESTA,138.22,91,92,84,92,296
TCMD,138.17,91,93,87,93,297
MAMA,138.12,91,90,76,94,298
BFH,138.05,91,84,80,72,299
PDFS,137.91,91,93,95,82,300
MITK,137.79,91,93,90,71,301
FA,137.79,91,87,64,10,302
ICCC,137.72,91,92,76,57,303
CCSI,137.62,91,88,84,47,304
OMER,137.62,91,91,95,95,305
RCUS,137.55,91,96,93,92,306
EC,137.38,91,87,78,78,307
SMTC,137.22,91,95,95,92,308
LILAK,137.21,91,86,53,66,309
KALU,137.18,91,92,94,94,310
TENB,136.96,91,93,19,12,311
CSTE,136.89,91,89,15,88,312
GPCR,136.77,91,90,68,99,313
LSCC,136.73,91,92,94,92,314
CSCO,136.71,91,89,77,75,315
QUIK,136.69,91,96,98,44,316
ORMP,136.6,91,91,90,87,317
RFL,136.6,91,94,32,17,318
CCCC,136.39,91,95,87,17,319
TGB,136.32,91,76,94,98,320
RDVT,136.18,91,88,53,20,321
HUM,136.15,91,93,70,11,322
CLOV,136.07,91,96,75,10,323
HBM,136.01,91,67,93,97,324
CGAU,135.98,91,75,92,98,325
CTOS,135.98,91,90,91,75,326
CIB,135.97,91,83,62,92,327
KN,135.69,90,88,89,79,328
IART,135.55,90,90,21,17,329
CVU,135.5,90,91,75,78,330
CLDX,135.45,90,87,86,48,331
AIR,135.29,90,86,82,88,332
CIFR,135.15,90,95,98,98,333
FIX,135.15,90,95,97,96,334
ATEN,134.98,90,94,86,62,335
GRC,134.83,90,90,89,90,336
BHE,134.83,90,94,94,84,337
WLY,134.65,90,83,69,14,338
MTRN,134.63,90,98,90,86,339
DLTH,134.45,90,87,80,33,340
CRVS,134.36,90,97,96,99,341
BELFB,134.33,90,91,96,97,342
IOVA,134.24,90,94,83,43,343
M,134.22,90,85,74,87,344
PRM,134.16,90,89,89,91,345
VAC,134.03,90,85,80,28,346
TACT,133.98,90,80,23,26,347
XGN,133.96,90,27,3,3,348
KOP,133.85,90,88,86,61,349
PUBM,133.77,90,87,78,6,350
WHWK,133.73,90,90,93,82,351
PLXS,133.6,90,91,91,86,352
KRYS,133.48,90,94,90,91,353
ZGN,133.47,90,79,83,65,354
GLW,133.28,90,96,97,96,355
JRSH,133.24,90,88,46,41,356
SNX,133.23,90,88,89,66,357
ASML,133.15,90,91,90,92,358
GCBC,133.03,90,83,44,37,359
STLD,132.82,90,86,87,87,360
ALGT,132.8,90,88,65,91,361
BWAY,132.77,90,91,97,94,362
BLFS,132.74,90,69,29,23,363
MSGS,132.65,89,89,84,80,364
MSGE,132.62,89,88,83,84,365
CGNX,132.35,89,88,91,58,366
RHI,132.29,89,67,24,15,367
WKC,132.28,89,81,44,47,368
DRH,132.2,89,82,77,66,369
AVAH,132.17,89,88,32,64,370
WEYS,131.98,89,72,62,42,371
WULF,131.97,89,97,98,98,372
DGICB,131.88,89,84,72,46,373
KLAC,131.79,89,93,92,89,374
AMAL,131.75,89,80,76,79,375
NSIT,131.52,89,84,9,11,376
PRCH,131.47,89,90,62,21,377
WEST,131.43,89,88,88,29,378
PL,131.0,89,93,99,99,379
APYX,130.91,89,81,87,93,380
SNEX,130.88,89,91,93,85,381
NTCT,130.82,89,89,82,56,382
OGN,130.8,89,94,90,22,383
SYBX,130.71,89,12,8,3,384
WLYB,130.69,89,85,65,16,385
TGTX,130.68,89,93,82,29,386
NMM,130.65,89,84,85,80,387
YOU,130.44,89,89,93,52,388
MPC,130.28,89,86,80,68,389
ZBRA,130.19,89,41,18,21,390
EFXT,130.19,89,95,97,94,391
SAFT,130.16,89,51,32,45,392
EXFY,130.14,89,90,5,9,393
AIRT,130.14,89,77,38,61,394
STT,130.11,89,87,76,70,395
UTZ,129.99,89,19,7,30,396
MRAM,129.92,89,95,99,90,397
FNKO,129.88,89,86,88,25,398
UNF,129.88,89,82,82,80,399
ILPT,129.88,89,93,89,73,400
PDEX,129.68,88,84,85,40,401
ZD,129.58,88,83,71,22,402
DAL,129.54,88,85,70,70,403
SHOO,129.53,88,62,78,65,404
WT,129.44,88,81,86,86,405
SPRB,129.31,88,3,87,96,406
TALK,129.21,88,86,89,67,407
VTRS,129.2,88,88,87,90,408
KELYA,129.09,88,82,23,26,409
KEYS,129.08,88,87,94,80,410
BAX,128.98,88,48,15,32,411
FRO,128.98,88,92,93,88,412
BWFG,128.94,88,74,72,72,413
PGC,128.76,88,86,85,67,414
SB,128.76,88,84,88,86,415
EXPE,128.74,88,62,55,51,416
CROX,128.74,88,80,69,32,417
MGTX,128.55,88,92,79,42,418
HST,128.51,88,81,78,70,419
HAE,128.48,88,65,26,24,420
ETSY,128.41,88,81,64,18,421
IX,128.39,88,86,74,89,422
XENE,128.25,88,92,85,63,423
NRT,128.23,88,68,85,93,424
INN,128.22,88,87,59,23,425
CMBT,128.19,88,89,84,80,426
HBB,128.16,88,64,79,72,427
RIGL,128.14,88,90,23,74,428
NWL,128.13,88,85,55,51,429
CRL,128.0,88,75,51,43,430
BDL,127.92,88,88,40,62,431
UFPT,127.87,88,64,34,48,432
BLBD,127.85,88,88,82,72,433
CNK,127.85,88,52,38,24,434
SENEA,127.76,88,86,77,71,435
ANGO,127.74,88,73,56,46,436
WATT,127.68,87,96,98,64,437
KARO,127.6,87,63,51,53,438
NBR,127.49,87,91,97,91,439
RYAM,127.38,87,47,90,89,440
LITB,127.28,87,89,79,92,441
XHR,127.23,87,86,76,67,442
FNWD,127.02,87,55,32,69,443
EPC,126.93,87,77,41,29,444
PESI,126.89,87,69,22,77,445
AOUT,126.73,87,89,47,28,446
TENX,126.64,87,95,85,95,447
MRCY,126.63,87,89,81,81,448
DBI,126.57,87,74,91,93,449
SENEB,126.47,87,89,75,69,450
AEIS,126.38,87,81,94,96,451
OSUR,126.32,87,87,60,39,452
TSHA,126.28,87,92,95,92,453
LNTH,126.27,87,89,85,50,454
MLKN,126.21,87,78,20,75,455
SSL,126.08,87,83,97,85,456
OPY,126.03,87,86,75,77,457
TOI,125.78,87,92,27,84,458
COMP,125.78,87,88,26,81,459
KFFB,125.77,87,73,71,82,460
RBCAA,125.76,87,72,56,45,461
AMC,125.7,87,52,13,3,462
AGM,125.53,87,69,48,37,463
LPG,125.43,87,87,86,79,464
HG,125.4,87,83,77,78,465
CNXN,125.32,87,71,46,42,466
PNTG,125.32,87,84,76,66,467
TKR,125.31,87,90,82,83,468
HIMX,125.31,87,92,96,41,469
SKWD,125.3,87,76,35,27,470
CBZ,125.28,87,26,6,3,471
SND,125.26,87,93,94,97,472
PXS,125.16,86,73,84,66,473
UVE,125.14,86,85,82,67,474
VCTR,124.94,86,82,75,64,475
GCT,124.89,86,42,87,85,476
ROKU,124.88,86,84,88,35,477
VIRT,124.87,86,92,77,37,478
OUT,124.87,86,90,92,84,479
IFS,124.81,86,83,53,82,480
THC,124.79,86,48,48,79,481
FLYW,124.64,86,85,84,18,482
PFIS,124.61,86,77,69,61,483
NVT,124.6,86,90,93,82,484
UGP,124.58,86,81,88,88,485
ADIL,124.47,86,27,0,0,486
CLBK,124.47,86,77,69,64,487
OKUR,124.42,86,86,90,23,488
GEF,124.29,86,52,50,73,489
GPRE,124.1,86,90,96,96,490
ESLT,124.09,86,73,87,91,491
CZFS,124.03,86,62,54,48,492
JAKK,123.92,86,59,79,26,493
ARMK,123.89,86,84,65,52,494
W,123.86,86,62,37,82,495
HBT,123.82,86,70,56,64,496
SCSC,123.81,86,78,64,20,497
VTVT,123.74,86,76,80,91,498
KVHI,123.71,86,81,92,54,499
INBK,123.68,86,80,64,36,500
FISI,123.65,86,76,70,71,501
QMCO,123.58,86,84,76,9,502
PSMT,123.54,86,87,73,85,503
PSX,123.54,86,80,77,72,504
SHBI,123.52,86,75,65,70,505
HFBL,123.46,86,88,78,79,506
ALXO,123.43,86,97,96,99,507
KRNY,123.4,86,77,71,73,508
MGNI,123.28,86,79,36,10,509
TRST,123.26,85,81,77,73,510
SCCO,123.24,85,68,84,95,511
TECK,123.21,85,66,87,89,512
BWA,123.2,85,85,84,93,513
SMHI,123.05,85,69,65,59,514
ARKO,123.04,85,93,80,71,515
ASRV,122.96,85,64,70,74,516
AMG,122.94,85,83,72,85,517
ATKR,122.92,85,42,64,42,518
MEC,122.84,85,96,77,83,519
DIN,122.83,85,72,54,86,520
SMBK,122.68,85,70,63,66,521
TX,122.68,85,65,77,84,522
AIZ,122.64,85,78,57,38,523
SXI,122.59,85,82,72,77,524
LIVN,122.58,85,87,79,79,525
SOPH,122.57,85,76,76,75,526
WRLD,122.44,85,71,58,22,527
APLE,122.43,85,85,72,39,528
FCX,122.37,85,54,78,91,529
LEE,122.37,85,86,88,54,530
SRCE,122.34,85,72,64,53,531
ACNB,122.33,85,76,63,65,532
TNET,122.31,85,57,10,9,533
EXTR,122.14,85,94,84,22,534
OSPN,122.1,85,60,37,14,535
MFG,122.08,85,84,73,89,536
CYTK,122.04,85,90,90,88,537
FFIV,122.03,85,85,74,41,538
KSS,122.02,85,66,68,88,539
TMP,121.99,85,75,71,72,540
DNLI,121.98,85,91,68,64,541
NSYS,121.95,85,92,89,31,542
FENC,121.94,85,83,26,44,543
RELY,121.91,85,87,87,15,544
SKE,121.85,85,65,91,98,545
MD,121.83,84,87,77,71,546
BBCP,121.81,84,90,70,32,547
BPOP,121.8,84,78,72,78,548
SWBI,121.78,84,86,87,78,549
CODI,121.77,84,87,93,24,550
NGNE,121.68,84,92,81,15,551
CPAC,121.61,84,85,82,92,552
MSM,121.61,84,81,70,59,553
CVE,121.43,84,86,91,82,554
EZPW,121.42,84,91,92,89,555
SNDR,121.4,84,83,70,70,556
TEVA,121.39,84,84,87,93,557
VOYA,121.32,84,81,60,47,558
BNED,121.29,84,68,64,25,559
CTS,121.26,84,78,80,79,560
AZTA,121.24,84,22,6,29,561
FIVN,121.2,84,78,50,8,562
CYD,121.18,84,81,84,98,563
GRMN,121.13,84,45,64,37,564
JILL,121.11,84,69,19,31,565
BHP,121.06,84,76,85,84,566
TGT,120.98,84,77,71,62,567
RAMP,120.92,84,81,63,15,568
FBIZ,120.87,84,64,53,58,569
ERO,120.85,84,37,84,95,570
SIRI,120.83,84,82,76,36,571
AVBP,120.74,84,90,86,48,572
BMO,120.7,84,82,73,75,573
BSET,120.64,84,83,25,42,574
BELFA,120.64,84,90,96,97,575
TRV,120.63,84,69,50,56,576
UAL,120.62,84,80,41,67,577
PKBK,120.59,84,81,78,81,578
COOK,120.51,84,90,21,8,579
NET,120.5,84,69,84,29,580
FCAP,120.44,84,74,74,75,581
RPRX,120.39,83,87,76,72,582
HELE,120.38,83,68,67,10,583
CLW,120.37,83,17,7,15,584
DBX,120.34,83,59,50,17,585
SLDB,120.32,83,94,87,90,586
TEN,120.31,83,89,94,80,587
POWL,120.26,83,95,98,97,588
CUE,120.23,83,99,97,2,589
CTBI,120.23,83,71,67,65,590
ACU,120.12,83,59,43,59,591
IFRX,120.11,83,98,95,8,592
EQNR,120.1,83,70,86,68,593
SGC,120.04,83,76,63,35,594
MUFG,120.01,83,79,61,83,595
UNH,119.98,83,81,76,20,596
BRKR,119.92,83,85,62,43,597
HOFT,119.9,83,82,75,87,598
TFSL,119.87,83,78,59,61,599
HLIO,119.83,83,88,78,90,600
TD,119.83,83,83,79,81,601
SMFG,119.82,83,83,68,88,602
TWLO,119.79,83,93,92,25,603
KNX,119.78,83,86,78,77,604
SVM,119.75,83,65,96,98,605
AMBP,119.74,83,60,44,86,606
SAN,119.73,83,77,71,87,607
HWM,119.73,83,77,81,80,608
OBK,119.71,83,79,71,69,609
CFFN,119.7,83,73,72,73,610
FTI,119.7,83,87,90,92,611
ASH,119.66,83,66,41,64,612
FMAO,119.65,83,63,54,54,613
CAT,119.62,83,92,92,93,614
NEXN,119.61,83,76,41,7,615
ZIM,119.61,83,77,90,77,616
WASH,119.59,83,63,53,72,617
WHD,119.57,83,63,65,74,618
UVSP,119.54,82,79,72,59,619
WTI,119.53,82,93,94,87,620
OSBC,119.51,82,65,62,57,621
HSBC,119.5,82,77,76,84,622
TRGP,119.4,82,87,80,74,623
AVAL,119.32,82,80,72,81,624
MIRM,119.29,82,93,88,93,625
RY,119.28,82,81,73,76,626
ANDE,119.26,82,85,86,90,627
ACIW,119.23,82,73,38,18,628
AXSM,119.18,82,93,89,88,629
LUNG,119.13,82,19,8,6,630
MGA,119.11,82,78,81,74,631
MAC,119.03,82,82,75,47,632
FNLC,118.93,82,75,56,63,633
POWW,118.91,82,87,73,57,634
KZIA,118.88,82,92,97,25,635
MTA,118.87,82,54,83,94,636
COCO,118.86,82,89,91,89,637
EXEL,118.81,82,79,67,55,638
CRCT,118.81,82,25,21,27,639
AVTR,118.8,82,28,9,13,640
GRND,118.8,82,61,55,6,641
CMP,118.78,82,79,82,86,642
FBP,118.68,82,69,60,53,643
ACLS,118.67,82,88,96,71,644
IKT,118.67,82,54,68,32,645
CCNE,118.65,82,74,73,68,646
MKTW,118.65,82,71,82,41,647
NSP,118.63,82,74,7,21,648
APH,118.63,82,77,53,84,649
ATLO,118.54,82,77,79,85,650
MAX,118.46,82,71,21,11,651
TXMD,118.45,82,78,75,94,652
RFIL,118.43,82,96,96,95,653
JTAI,118.42,82,1,0,0,654
DAC,118.4,81,78,83,64,655
AKAM,118.35,81,83,92,52,656
CASY,118.33,81,84,88,79,657
CPAY,118.32,81,58,50,49,658
ANNX,118.3,81,87,94,96,659
MNST,118.28,81,84,57,78,660
INM,118.27,81,88,2,3,661
VCYT,118.26,81,92,66,36,662
UTI,118.21,81,90,75,29,663
FRAF,118.13,81,79,79,61,664
DAR,118.12,81,86,91,83,665
ROG,118.07,81,87,91,81,666
CASS,118.0,81,70,57,49,667
BY,117.94,81,71,63,64,668
APA,117.94,81,79,90,77,669
GGB,117.92,81,70,83,81,670
RUSHB,117.92,81,76,69,66,671
PSTL,117.85,81,88,87,80,672
APEI,117.82,81,85,91,87,673
NUTX,117.8,81,92,68,50,674
STOK,117.78,81,82,94,97,675
TECH,117.74,81,73,19,52,676
PALI,117.72,81,87,88,90,677
SNDA,117.71,81,83,77,70,678
BBY,117.7,81,63,22,24,679
TBBB,117.69,81,81,71,82,680
PAMT,117.66,81,69,17,32,681
RHP,117.63,81,81,67,48,682
BEN,117.62,81,85,76,73,683
RRBI,117.55,81,77,77,84,684
SCHL,117.54,81,89,87,89,685
EXPD,117.54,81,70,64,77,686
EGBN,117.5,81,60,77,85,687
LUV,117.41,81,80,58,91,688
DCOM,117.29,81,74,73,74,689
ACA,117.26,81,87,72,76,690
JBLU,117.2,80,63,41,64,691
MRK,117.14,80,79,70,84,692
GCO,117.11,80,67,77,31,693
VMD,117.11,80,89,71,69,694
GOLD,117.1,80,78,86,98,695
YETI,117.09,80,78,58,77,696
CCO,117.0,80,83,88,91,697
PHVS,116.93,80,89,80,80,698
CMCO,116.87,80,18,26,83,699
WCC,116.87,80,78,87,84,700
STBA,116.84,80,69,59,58,701
WSBC,116.81,80,61,49,62,702
HVT,116.81,80,60,38,69,703
PAG,116.74,80,61,51,46,704
FLNT,116.72,80,87,52,79,705
BYFC,116.71,80,76,78,63,706
INTA,116.69,80,20,12,4,707
GNK,116.66,80,84,87,84,708
ESE,116.64,80,86,81,86,709
CVS,116.63,80,85,74,64,710
ST,116.63,80,77,86,73,711
KTCC,116.57,80,85,69,58,712
NKSH,116.55,80,67,67,83,713
HL,116.54,80,72,93,99,714
AEVA,116.53,80,79,49,85,715
VRT,116.48,80,93,96,93,716
FCBC,116.47,80,65,68,58,717
LXP,116.35,80,69,66,68,718
OXBR,116.33,80,75,11,9,719
THG,116.32,80,71,56,39,720
SBLK,116.28,80,80,82,81,721
FMBH,116.24,80,67,58,61,722
SLAB,116.21,80,82,85,89,723
GEV,116.13,80,89,92,91,724
FRST,116.1,80,76,75,78,725
AMKR,116.09,80,95,97,97,726
NREF,116.07,79,71,58,57,727
UBS,116.04,79,78,67,63,728
URI,116.04,79,79,62,49,729
KGS,116.04,79,94,93,85,730
SMBC,116.03,79,74,70,60,731
BOW,115.97,79,69,33,17,732
CM,115.91,79,80,80,79,733
RBKB,115.91,79,79,81,84,734
DTIL,115.74,79,94,91,15,735
SXC,115.72,79,60,32,51,736
BBIO,115.71,79,78,73,91,737
NRC,115.67,79,85,73,56,738
MCY,115.66,79,80,77,81,739
PWR,115.63,79,86,92,82,740
OPRA,115.62,79,72,78,18,741
DGX,115.61,79,60,45,64,742
SSRM,115.57,79,77,94,95,743
INCY,115.53,79,80,62,73,744
PFG,115.51,79,77,68,60,745
TXN,115.45,79,89,88,77,746
HPQ,115.45,79,56,40,13,747
BTE,115.44,79,86,95,89,748
RS,115.39,79,75,68,75,749
WSBF,115.37,79,71,74,73,750
IMNM,115.37,79,87,88,97,751
AVTX,115.33,79,95,97,94,752
SUN,115.32,79,77,73,62,753
WST,115.27,79,83,78,29,754
AXTA,115.22,79,54,28,46,755
APCX,115.19,79,38,68,59,756
ANF,115.14,79,25,27,52,757
WAB,115.13,79,58,72,71,758
FXNC,115.13,79,68,68,67,759
PEBK,115.1,79,72,76,77,760
CFG,115.1,79,71,72,84,761
ATRA,115.07,79,75,66,3,762
SVRA,115.04,78,91,80,91,763
CEVA,115.04,78,96,89,27,764
WRBY,115.04,78,69,83,49,765
ALL,115.03,78,72,49,40,766
PAYO,114.98,78,80,20,22,767
BNS,114.9,78,79,70,80,768
MS,114.87,78,81,73,68,769
KOPN,114.82,78,91,97,56,770
NOK,114.81,78,95,96,78,771
CPF,114.8,78,71,66,65,772
FDX,114.79,78,80,81,87,773
CSX,114.78,78,79,74,70,774
DJCO,114.75,78,70,54,81,775
HSIC,114.72,78,59,34,56,776
PDLB,114.63,78,72,65,59,777
WTS,114.56,78,72,51,69,778
KB,114.51,78,75,75,88,779
GIC,114.49,78,47,35,68,780
CIVB,114.49,78,70,58,53,781
AMGN,114.47,78,64,47,69,782
MSGM,114.44,78,80,91,81,783
KINS,114.34,78,80,35,38,784
FFBC,114.34,78,76,66,69,785
PLOW,114.33,78,70,81,84,786
BKD,114.3,78,89,79,97,787
GL,114.25,78,79,57,56,788
NYAX,114.21,78,78,86,76,789
NTB,114.18,78,76,65,70,790
NWBI,114.15,78,75,60,57,791
MUSA,114.15,78,78,83,32,792
SU,114.1,78,72,85,82,793
RMT,114.08,78,80,82,75,794
VIR,114.06,78,90,89,78,795
IVZ,114.05,78,73,75,82,796
MYFW,113.97,78,84,69,65,797
SFL,113.96,78,75,83,56,798
TRNS,113.95,78,67,43,55,799
DHT,113.94,77,84,86,76,800
RBB,113.94,77,80,74,66,801
SBFG,113.89,77,73,52,38,802
HPP,113.88,77,92,33,2,803
GE,113.86,77,70,48,69,804
KLTR,113.81,77,25,20,13,805
RTX,113.78,77,54,49,77,806
AAL,113.77,77,83,43,47,807
SFST,113.76,77,70,70,82,808
ACAD,113.72,77,62,45,46,809
RDI,113.69,77,46,23,16,810
ADI,113.69,77,82,90,88,811
OABI,113.66,77,82,36,27,812
INDV,113.64,77,91,92,95,813
THRM,113.64,77,51,38,28,814
JNJ,113.63,77,81,63,84,815
DIBS,113.61,77,72,68,90,816
DXCM,113.6,77,49,19,31,817
LAUR,113.59,77,76,59,80,818
FSBC,113.57,77,83,71,73,819
WSM,113.57,77,66,29,54,820
KFY,113.55,77,50,42,28,821
RMNI,113.51,77,71,61,22,822
CNOB,113.51,77,68,67,54,823
HRB,113.45,77,36,21,6,824
MYPS,113.38,77,45,6,3,825
CDP,113.27,77,75,55,63,826
ASTH,113.27,77,93,89,10,827
GIII,113.26,77,73,62,49,828
IPAR,113.25,77,70,27,31,829
USCB,113.2,77,52,48,54,830
SKM,113.2,77,78,89,84,831
CATY,113.19,77,71,68,60,832
CHE,113.1,77,60,27,31,833
TILE,113.09,77,74,54,82,834
EIG,113.07,77,69,36,38,835
AGYS,113.05,76,70,12,19,836
LQDT,113.05,76,79,77,67,837
NWFL,113.05,76,69,52,72,838
JBL,113.02,76,83,90,80,839
ENS,113.01,76,88,93,89,840
GM,113.0,76,62,73,83,841
LCNB,112.99,76,61,49,60,842
PAGP,112.97,76,77,73,64,843
TPR,112.96,76,61,69,91,844
VLY,112.94,76,77,73,79,845
SCL,112.9,76,53,39,78,846
MG,112.9,76,88,92,82,847
MBWM,112.89,76,73,53,70,848
QCRH,112.87,76,63,62,68,849
PRK,112.82,76,54,49,47,850
USB,112.78,76,68,60,75,851
MFC,112.77,76,72,61,66,852
SHO,112.75,76,72,68,34,853
ESEA,112.73,76,70,87,80,854
CFR,112.72,76,62,49,60,855
HNI,112.71,76,32,11,66,856
EBC,112.7,76,64,59,75,857
CNI,112.69,76,69,60,50,858
GLBE,112.69,76,51,20,20,859
GS,112.63,76,73,71,79,860
TFII,112.62,76,85,83,78,861
BVN,112.62,76,54,89,97,862
ORIC,112.59,76,56,37,55,863
TFIN,112.57,76,74,55,62,864
NWG,112.56,76,71,38,78,865
TECX,112.55,76,92,76,39,866
NATL,112.49,76,65,75,54,867
HOPE,112.44,76,64,63,62,868
RIOT,112.44,76,83,94,68,869
GSL,112.32,76,74,83,83,870
BLX,112.3,76,74,70,66,871
OFG,112.3,76,63,57,37,872
MDB,112.26,75,80,54,84,873
NTRS,112.24,75,79,75,74,874
HIW,112.24,75,74,32,18,875
SON,112.21,75,62,62,65,876
BCS,112.21,75,72,56,82,877
FCF,112.2,75,63,57,58,878
MCBS,112.18,75,81,61,53,879
MUR,112.18,75,40,89,77,880
IDT,112.16,75,62,44,24,881
BMY,112.11,75,59,57,71,882
SLF,112.09,75,76,63,54,883
LLY,112.08,75,82,57,70,884
MPB,112.08,75,67,55,68,885
DLX,112.06,75,58,76,86,886
FSEA,112.04,75,84,81,63,887
RIO,111.99,75,65,85,89,888
JHX,111.98,75,58,27,59,889
NAAS,111.94,75,35,15,7,890
ITRN,111.94,75,83,87,72,891
AIT,111.91,75,68,67,59,892
NBTB,111.89,75,70,45,53,893
OVV,111.83,75,77,83,67,894
PCB,111.82,75,79,63,51,895
TYRA,111.8,75,94,96,98,896
DIOD,111.74,75,88,96,89,897
DOC,111.71,75,79,67,34,898
BWIN,111.7,75,41,18,4,899
C,111.7,75,78,75,79,900
TALO,111.65,75,74,87,83,901
HURC,111.6,75,78,33,38,902
IOT,111.59,75,51,25,9,903
MANU,111.57,75,80,68,53,904
PAA,111.56,75,76,74,63,905
CZNC,111.54,75,55,52,66,906
SOTK,111.53,75,80,70,46,907
NEU,111.5,75,61,35,49,908
BSRR,111.48,74,74,71,72,909
GBTG,111.46,74,86,86,10,910
AEG,111.44,74,65,57,53,911
HBCP,111.42,74,62,65,61,912
DKL,111.39,74,73,65,78,913
NEWT,111.36,74,84,59,75,914
SIBN,111.35,74,50,13,23,915
HRI,111.31,74,62,32,71,916
CENX,111.26,74,77,95,97,917
WEX,111.25,74,32,28,51,918
ODFL,111.19,74,75,69,70,919
XPEL,111.19,74,50,49,82,920
PNC,111.19,74,68,55,74,921
FDBC,111.18,74,60,49,48,922
SAH,111.18,74,76,75,24,923
HQI,111.16,74,68,70,43,924
TSBK,111.14,74,69,70,68,925
RSI,111.13,74,93,91,49,926
TXRH,111.13,74,48,40,48,927
HALO,111.11,74,74,24,75,928
GABC,111.09,74,61,53,52,929
IQV,111.08,74,53,33,27,930
BRC,111.08,74,63,36,74,931
CPA,111.07,74,77,37,83,932
SKY,111.07,74,47,24,45,933
ZION,111.06,74,67,62,67,934
DSX,111.05,74,55,87,85,935
FITB,111.05,74,70,56,76,936
HTLD,111.03,74,88,84,81,937
LGIH,111.02,74,78,19,44,938
WELL,110.99,74,79,69,74,939
MET,110.97,74,69,45,36,940
CNS,110.97,74,64,49,22,941
LAMR,110.96,74,78,77,52,942
PTEN,110.94,74,81,92,79,943
BURL,110.93,74,51,50,55,944
BIO,110.91,73,36,26,36,945
ORRF,110.88,73,59,53,56,946
NTNX,110.82,73,39,18,4,947
CCBG,110.81,73,57,63,49,948
LXFR,110.77,73,80,68,70,949
CTO,110.75,73,76,69,49,950
UBSI,110.73,73,62,59,67,951
CZR,110.72,73,58,74,16,952
PR,110.71,73,76,81,73,953
DVA,110.63,73,93,85,45,954
ATOM,110.63,73,94,98,9,955
AZZ,110.63,73,75,78,80,956
BIIB,110.6,73,72,74,79,957
PBFS,110.56,73,75,55,60,958
PFS,110.55,73,62,63,73,959
UNFI,110.52,73,81,88,70,960
GENI,110.51,73,29,3,6,961
INOD,110.47,73,84,35,34,962
MGM,110.46,73,78,56,46,963
SXT,110.42,73,74,66,53,964
PLUS,110.4,73,54,68,53,965
CRI,110.4,73,65,55,55,966
ELVA,110.39,73,87,95,98,967
MTB,110.36,73,70,53,75,968
ITIC,110.36,73,71,31,61,969
INVX,110.33,73,68,81,83,970
JCI,110.33,73,66,68,79,971
REX,110.33,73,84,92,80,972
FCCO,110.28,73,60,59,60,973
YPF,110.27,73,85,67,49,974
HGTY,110.26,73,47,25,43,975
GEN,110.25,73,57,20,22,976
CENT,110.23,73,72,53,47,977
FTDR,110.21,73,73,68,40,978
CMI,110.14,73,86,87,87,979
TCBK,110.1,73,60,59,63,980
TS,110.08,73,76,86,75,981
IEX,110.05,72,75,66,70,982
LNC,110.02,72,45,32,38,983
DDI,110.01,72,75,73,23,984
SGHT,109.99,72,84,66,77,985
NMR,109.97,72,66,52,77,986
HCSG,109.97,72,83,81,88,987
ALLO,109.96,72,77,92,81,988
LYG,109.96,72,71,62,83,989
VCEL,109.94,72,79,24,16,990
MLSS,109.87,72,36,22,2,991
EGO,109.86,72,37,71,97,992
SANM,109.83,72,91,94,75,993
PROF,109.82,72,66,65,60,994
AEF,109.82,72,84,88,85,995
FHI,109.81,72,55,60,65,996
PENN,109.8,72,73,59,16,997
BCLI,109.77,72,85,49,11,998
SM,109.77,72,67,81,26,999
LOGC,109.74,72,59,61,41,1000
EBMT,109.74,72,73,71,83,1001
REAL,109.71,72,61,55,79,1002
FF,109.7,72,72,78,36,1003
LOB,109.69,72,64,58,72,1004
LARK,109.69,72,66,53,55,1005
PINE,109.67,72,78,70,76,1006
SFNC,109.66,72,62,54,56,1007
BAC,109.61,72,62,45,55,1008
DT,109.61,72,40,33,13,1009
ARQT,109.6,72,83,51,91,1010
CBNK,109.56,72,56,39,41,1011
CVEO,109.55,72,79,76,76,1012
FIVE,109.54,72,39,88,92,1013
TNL,109.54,72,54,53,72,1014
INTT,109.54,72,95,97,67,1015
BFST,109.51,72,60,51,61,1016
UNP,109.49,72,66,62,62,1017
RSVR,109.41,71,71,79,40,1018
HBNC,109.37,71,66,59,57,1019
UAN,109.36,71,65,79,77,1020
BSAC,109.35,71,64,51,85,1021
BUD,109.32,71,68,66,74,1022
PCAR,109.29,71,57,53,78,1023
AXON,109.14,71,58,9,9,1024
XPO,109.1,71,77,81,87,1025
BH,109.09,71,69,30,87,1026
DLTR,109.07,71,65,21,78,1027
VRA,109.01,71,82,93,60,1028
MLAB,108.91,71,76,68,47,1029
KWR,108.88,71,59,53,79,1030
NECB,108.87,71,75,52,64,1031
MCRI,108.87,71,83,76,50,1032
INTG,108.81,71,97,95,93,1033
SOLV,108.79,71,45,40,53,1034
HNVR,108.72,71,40,44,36,1035
SPG,108.72,71,72,62,57,1036
XYZ,108.71,71,59,71,16,1037
GCMG,108.69,71,75,45,29,1038
HAFC,108.68,71,70,70,50,1039
HTB,108.65,71,61,62,59,1040
NGVT,108.65,71,73,85,87,1041
ESI,108.65,71,81,91,73,1042
LAD,108.63,71,41,31,38,1043
CLWT,108.61,71,71,37,31,1044
HFWA,108.57,71,61,60,67,1045
DD,108.57,71,65,81,88,1046
ATRC,108.48,71,45,12,30,1047
IHG,108.46,71,74,64,59,1048
BOKF,108.42,71,60,66,75,1049
WBD,108.39,71,79,92,96,1050
PKG,108.38,71,52,53,70,1051
AHR,108.35,71,77,70,81,1052
ABEO,108.35,71,80,60,36,1053
NBIX,108.32,70,74,42,35,1054
AUB,108.31,70,62,56,70,1055
DCTH,108.31,70,73,56,21,1056
ELAN,108.29,70,69,74,90,1057
DSGR,108.28,70,32,32,51,1058
COKE,108.2,70,69,77,67,1059
FRBA,108.18,70,49,32,54,1060
PRU,108.15,70,57,38,37,1061
FMX,108.13,70,73,71,69,1062
CNA,108.05,70,64,34,45,1063
IIPR,108.04,70,80,58,30,1064
SEIC,108.01,70,60,52,31,1065
SYBT,108.0,70,49,41,30,1066
MEDP,107.96,70,68,28,74,1067
SKT,107.92,70,66,60,42,1068
AAT,107.89,70,81,62,31,1069
MAGN,107.88,70,47,34,67,1070
STRT,107.84,70,43,34,89,1071
ACT,107.84,70,63,61,67,1072
CNQ,107.83,70,66,78,76,1073
PHIN,107.82,70,77,83,89,1074
CPSH,107.82,70,80,74,94,1075
BILL,107.81,70,21,24,35,1076
PBR,107.8,70,70,88,71,1077
SLP,107.8,70,67,38,7,1078
GPN,107.79,70,37,26,21,1079
HQY,107.74,70,48,34,15,1080
CHCO,107.74,70,49,40,44,1081
IMO,107.7,70,60,85,83,1082
ABBV,107.69,70,70,35,52,1083
GSHD,107.67,70,30,4,5,1084
IAG,107.63,70,74,91,98,1085
WES,107.6,70,68,64,57,1086
RGEN,107.59,70,40,27,34,1087
SIGI,107.53,70,66,40,51,1088
IMKTA,107.52,69,68,72,73,1089
TRMD,107.52,69,82,91,78,1090
IHT,107.51,69,82,12,7,1091
KOS,107.5,69,75,91,33,1092
LH,107.46,69,44,34,55,1093
PRMB,107.45,69,65,54,24,1094
BGSF,107.44,69,54,79,90,1095
JBSS,107.4,69,74,65,69,1096
RF,107.4,69,61,53,76,1097
JLL,107.4,69,50,59,47,1098
CCK,107.38,69,48,36,59,1099
BCAL,107.38,69,63,58,55,1100
EWBC,107.34,69,63,65,65,1101
OC,107.31,69,58,30,49,1102
VNO,107.3,69,66,30,17,1103
NVST,107.3,69,70,73,73,1104
ASC,107.28,69,81,91,66,1105
WABC,107.24,69,64,57,47,1106
U,107.23,69,41,36,13,1107
SRRK,107.23,69,81,79,86,1108
CERS,107.21,69,94,90,84,1109
RGA,107.19,69,59,46,61,1110
WGS,107.16,69,12,2,34,1111
HMN,107.14,69,73,46,35,1112
HSTM,107.13,69,70,44,13,1113
VTR,107.12,69,76,67,74,1114
GWW,107.1,69,78,64,68,1115
PRI,107.07,69,59,47,31,1116
ATNI,107.05,69,72,84,89,1117
NOV,107.04,69,63,82,82,1118
BWB,106.98,69,67,49,65,1119
PLX,106.95,69,68,18,87,1120
MIDD,106.95,69,73,33,66,1121
ISSC,106.94,69,46,89,94,1122
MMM,106.92,69,39,25,52,1123
ALX,106.91,69,69,62,51,1124
REYN,106.88,69,65,32,35,1125
FMNB,106.87,69,45,50,36,1126
TNK,106.86,68,77,87,84,1127
AAPL,106.84,68,77,67,58,1128
CSTL,106.83,68,29,15,77,1129
LOVE,106.82,68,43,48,14,1130
MHK,106.77,68,36,22,63,1131
RLGT,106.77,68,85,76,75,1132
SGHC,106.73,68,82,78,19,1133
PD,106.72,68,47,6,2,1134
VINC,106.7,68,9,42,62,1135
CUZ,106.7,68,70,47,20,1136
BCH,106.69,68,68,48,87,1137
NBBK,106.69,68,41,47,63,1138
TEO,106.68,68,79,45,37,1139
IBCP,106.67,68,60,44,63,1140
FRT,106.66,68,71,68,52,1141
SKYW,106.65,68,34,19,36,1142
PRGS,106.63,68,40,6,19,1143
WERN,106.6,68,86,73,71,1144
NRIM,106.56,68,67,51,64,1145
DLO,106.55,68,58,66,45,1146
SLG,106.55,68,46,33,13,1147
CACC,106.54,68,79,57,49,1148
MVBF,106.54,68,55,52,74,1149
SHC,106.52,68,64,41,63,1150
RVTY,106.52,68,62,49,43,1151
EBF,106.5,68,57,57,60,1152
ELV,106.5,68,73,62,36,1153
SHOP,106.49,68,25,24,22,1154
MRBK,106.49,68,64,61,80,1155
AG,106.48,68,57,95,99,1156
IDYA,106.46,68,76,42,78,1157
FRPT,106.41,68,21,14,34,1158
LSTR,106.37,68,84,77,67,1159
LZB,106.36,68,56,35,40,1160
IVT,106.33,68,72,58,55,1161
LAR,106.32,68,90,98,97,1162
VVX,106.3,67,76,68,66,1163
EQIX,106.26,67,68,76,43,1164
NRXP,106.23,67,91,83,14,1165
ISTR,106.23,67,61,67,81,1166
PSO,106.21,67,72,58,19,1167
PH,106.2,67,56,53,78,1168
TRMK,106.2,67,55,61,60,1169
RH,106.2,67,41,8,29,1170
NODK,106.19,67,73,34,42,1171
EBAY,106.18,67,79,76,42,1172
CLS,106.18,67,87,93,91,1173
ECBK,106.14,67,65,53,54,1174
FCFS,106.12,67,79,84,78,1175
ACCO,106.12,67,65,58,55,1176
CENTA,106.11,67,69,54,49,1177
UNM,106.11,67,59,55,31,1178
CMT,106.09,67,63,83,68,1179
JCTC,106.08,67,48,13,6,1180
CR,106.06,67,62,31,51,1181
UNTY,106.05,67,47,54,59,1182
HEI,106.03,67,56,30,55,1183
ONB,106.01,67,59,52,60,1184
PFGC,105.98,67,73,39,33,1185
HRTG,105.97,67,51,24,67,1186
BOX,105.96,67,45,25,12,1187
KO,105.95,67,67,52,59,1188
IHRT,105.94,67,79,97,89,1189
BDX,105.9,67,38,40,66,1190
SNDX,105.89,67,89,83,88,1191
PCVX,105.83,67,78,77,79,1192
EFSC,105.82,67,60,51,47,1193
CVLT,105.79,67,80,22,5,1194
AVGO,105.78,67,68,83,67,1195
SJM,105.78,67,65,28,43,1196
RLI,105.78,67,43,14,32,1197
NDSN,105.77,67,72,68,78,1198
FBNC,105.75,66,67,60,74,1199
CVCO,105.73,66,54,26,45,1200
CHRD,105.72,66,59,84,50,1201
DXPE,105.71,66,80,80,86,1202
MTLS,105.71,66,82,40,20,1203
BVFL,105.69,66,69,62,68,1204
GROW,105.68,66,71,45,80,1205
CW,105.66,66,76,81,82,1206
AX,105.62,66,50,42,66,1207
RXO,105.6,66,92,84,52,1208
CHI,105.6,66,74,69,56,1209
LYV,105.59,66,67,59,42,1210
SA,105.58,66,39,87,96,1211
XOM,105.52,66,56,67,83,1212
PCTY,105.47,66,22,15,7,1213
NVGS,105.47,66,56,80,56,1214
NJR,105.45,66,64,65,62,1215
USFD,105.42,66,71,47,70,1216
AME,105.41,66,59,63,71,1217
WAT,105.4,66,52,51,25,1218
GTES,105.39,66,48,54,61,1219
TTE,105.35,66,61,82,76,1220
TUSK,105.32,66,79,43,39,1221
IRM,105.32,66,71,82,35,1222
RZLT,105.27,66,84,12,5,1223
BOC,105.26,66,52,20,25,1224
WDS,105.25,66,62,78,61,1225
CNMD,105.24,66,15,13,17,1226
VABK,105.23,66,65,58,44,1227
IBEX,105.22,66,44,46,35,1228
STRR,105.2,66,58,32,34,1229
UTMD,105.17,66,58,58,56,1230
HLX,105.16,66,67,79,75,1231
INDB,105.16,66,60,55,71,1232
SQM,105.15,66,80,94,92,1233
WAFD,105.15,66,66,64,53,1234
PZG,105.14,66,33,88,99,1235
SNA,105.12,65,63,55,61,1236
ALRM,105.12,65,42,30,19,1237
TEX,105.11,65,59,74,87,1238
IFF,105.09,65,67,39,48,1239
CCEP,105.09,65,64,42,55,1240
VXRT,105.09,65,78,87,80,1241
CF,105.07,65,66,79,60,1242
GERN,105.03,65,50,45,56,1243
EVT,104.98,65,61,56,59,1244
CVBF,104.98,65,59,47,49,1245
HNST,104.97,65,68,77,6,1246
MDV,104.92,65,74,71,45,1247
MTX,104.91,65,63,76,69,1248
PLMR,104.9,65,59,22,40,1249
WRAP,104.89,65,22,25,32,1250
DBRG,104.89,65,66,79,87,1251
LGCY,104.87,65,45,75,63,1252
ADM,104.87,65,78,79,77,1253
BNL,104.86,65,75,62,67,1254
AUDC,104.85,65,47,41,16,1255
IRMD,104.84,65,71,59,83,1256
IBKR,104.82,65,86,77,72,1257
PBHC,104.78,65,58,37,24,1258
BCRX,104.77,65,80,64,18,1259
CB,104.76,65,65,51,63,1260
NMIH,104.76,65,46,38,49,1261
PAYC,104.72,65,26,16,6,1262
STRL,104.7,65,96,98,94,1263
JPM,104.68,65,53,42,49,1264
LWAY,104.68,65,77,50,25,1265
WWD,104.63,65,78,78,92,1266
RVLV,104.62,65,27,31,56,1267
RCMT,104.62,65,55,81,19,1268
DY,104.58,65,81,85,93,1269
F,104.56,65,56,44,72,1270
RNST,104.56,65,56,54,57,1271
TNDM,104.55,64,17,33,51,1272
MTG,104.55,64,42,37,41,1273
PII,104.53,64,66,75,78,1274
VAL,104.52,64,71,91,93,1275
SABR,104.47,64,58,77,3,1276
AROC,104.46,64,86,81,76,1277
STHO,104.46,64,55,67,46,1278
AUR,104.44,64,80,81,16,1279
PATH,104.44,64,25,20,23,1280
ENOV,104.42,64,20,39,9,1281
IMMR,104.42,64,53,33,27,1282
MRTN,104.41,64,82,76,62,1283
H,104.41,64,72,63,56,1284
BFC,104.37,64,56,60,72,1285
PDM,104.36,64,74,49,50,1286
RMR,104.35,64,80,78,62,1287
TFX,104.35,64,51,66,20,1288
HUBG,104.34,64,70,64,61,1289
PEO,104.31,64,60,67,72,1290
CBUS,104.3,64,59,18,74,1291
VLGEA,104.3,64,57,73,52,1292
BMRC,104.29,64,55,52,60,1293
KNTK,104.28,64,73,70,42,1294
KEY,104.27,64,63,64,77,1295
BTO,104.26,64,54,52,61,1296
ON,104.26,64,90,95,86,1297
HASI,104.26,64,66,82,75,1298
AFG,104.26,64,53,45,36,1299
UNIT,104.25,64,84,88,54,1300
REPX,104.21,64,61,74,37,1301
CGEN,104.2,64,78,93,43,1302
RNR,104.19,64,65,59,69,1303
TPC,104.17,64,63,85,96,1304
PBA,104.17,64,71,64,65,1305
PAYX,104.13,64,38,16,13,1306
PFBC,104.12,64,60,52,37,1307
ZYME,104.11,63,82,86,88,1308
AWR,104.06,63,61,47,30,1309
PM,104.05,63,67,41,67,1310
KRG,104.04,63,74,68,56,1311
WTW,104.03,63,30,18,23,1312
ADX,103.98,63,66,64,56,1313
ITUB,103.98,63,64,71,89,1314
BSVN,103.97,63,63,46,45,1315
WSC,103.95,63,67,72,27,1316
OMF,103.94,63,39,40,49,1317
OHI,103.93,63,70,66,69,1318
LTRX,103.92,63,58,88,93,1319
MLR,103.9,63,69,61,37,1320
LMT,103.85,63,36,37,83,1321
SGML,103.84,63,66,98,95,1322
BIVI,103.82,63,67,25,3,1323
TWO,103.76,63,73,75,48,1324
FIBK,103.75,63,66,62,72,1325
TTC,103.74,63,56,66,79,1326
ORI,103.74,63,47,45,62,1327
MHH,103.73,63,68,36,20,1328
VGZ,103.7,63,38,85,98,1329
DBD,103.65,63,73,74,76,1330
COFS,103.65,63,59,53,35,1331
CP,103.64,63,61,59,56,1332
TBBK,103.61,63,35,31,26,1333
APPN,103.61,63,23,11,8,1334
CMC,103.55,63,39,64,89,1335
KODK,103.49,63,35,90,54,1336
GDOT,103.49,63,57,66,47,1337
GPRK,103.49,63,82,72,55,1338
FAF,103.49,63,62,61,42,1339
EML,103.47,63,69,54,21,1340
POET,103.46,63,84,95,62,1341
WHG,103.43,63,68,37,54,1342
NNN,103.43,63,64,53,53,1343
CRT,103.42,63,42,73,35,1344
EPR,103.4,62,62,59,63,1345
ADP,103.39,62,38,18,15,1346
HOV,103.38,62,53,23,38,1347
GRWG,103.37,62,71,65,15,1348
SPFI,103.33,62,44,49,59,1349
CWBC,103.33,62,69,60,70,1350
MAR,103.32,62,75,74,66,1351
AFRM,103.31,62,79,46,17,1352
AMP,103.25,62,40,27,35,1353
AER,103.2,62,57,68,73,1354
RAVE,103.17,62,68,30,73,1355
TCBX,103.15,62,39,42,58,1356
NVS,103.14,62,60,61,78,1357
KIM,103.13,62,67,60,45,1358
ABNB,103.09,62,53,62,28,1359
BROS,103.05,62,60,23,21,1360
OKE,103.01,62,67,58,55,1361
NNVC,102.96,62,67,69,5,1362
HR,102.93,62,73,71,47,1363
TRIN,102.93,62,74,68,57,1364
ESP,102.88,62,76,90,90,1365
MLI,102.87,62,58,78,76,1366
AMBA,102.86,62,62,63,23,1367
TDY,102.84,62,53,55,75,1368
VOD,102.78,62,42,80,88,1369
BIP,102.78,62,53,53,66,1370
FUSB,102.74,62,74,63,68,1371
APOG,102.74,62,40,27,44,1372
ITW,102.74,62,52,35,66,1373
OPBK,102.74,62,49,54,44,1374
DB,102.74,62,55,28,73,1375
NYT,102.73,62,47,76,73,1376
CTRE,102.69,62,67,71,75,1377
FBK,102.66,62,42,43,61,1378
HRMY,102.66,62,76,24,44,1379
AMPL,102.63,61,42,9,6,1380
VSEC,102.63,61,66,60,84,1381
FUND,102.62,61,59,73,76,1382
AU,102.62,61,50,90,97,1383
DEA,102.61,61,66,56,53,1384
LLYVK,102.59,61,66,61,45,1385
BC,102.57,61,50,74,84,1386
DGICA,102.57,61,46,30,44,1387
PRKS,102.5,61,57,33,19,1388
MANH,102.49,61,25,19,12,1389
ASM,102.49,61,45,86,99,1390
EFOI,102.46,61,82,95,29,1391
OBE,102.44,61,74,95,83,1392
ET,102.44,61,65,63,48,1393
ALK,102.43,61,46,13,54,1394
OIS,102.43,61,50,81,91,1395
TRNO,102.41,61,61,58,53,1396
ALSN,102.4,61,52,75,72,1397
PECO,102.39,61,69,60,51,1398
TMO,102.37,61,37,28,39,1399
FR,102.3,61,68,66,56,1400
TTI,102.29,61,88,92,97,1401
VREX,102.28,61,37,22,72,1402
OXY,102.27,61,54,70,49,1403
FLNG,102.25,61,75,80,53,1404
SBRA,102.21,61,52,61,56,1405
VRTX,102.18,61,58,38,49,1406
NE,102.17,61,60,93,83,1407
GAIN,102.16,61,68,72,45,1408
D,102.15,61,67,47,57,1409
AMCR,102.15,61,37,22,53,1410
MTN,102.15,61,46,25,29,1411
FGBI,102.15,61,56,63,68,1412
MHO,102.13,61,64,41,59,1413
GTY,102.12,61,71,65,58,1414
SPNT,102.11,61,67,69,54,1415
VIST,102.09,60,80,77,59,1416
SBCF,102.09,60,42,46,63,1417
EPD,102.06,60,63,66,61,1418
ENTA,102.05,60,76,92,94,1419
EIX,102.05,60,76,69,71,1420
POWI,102.05,60,85,90,52,1421
FCNCA,102.04,60,44,39,52,1422
IGIC,102.03,60,67,57,47,1423
PSA,102.03,60,62,55,43,1424
PEN,102.02,60,53,56,69,1425
NGS,102.01,60,79,87,83,1426
TLS,102.01,60,49,71,39,1427
FLS,101.98,60,47,56,85,1428
SWIM,101.95,60,29,18,30,1429
BBSI,101.93,60,49,13,17,1430
WTFC,101.93,60,61,58,67,1431
DE,101.92,60,61,54,73,1432
ABM,101.9,60,47,21,36,1433
VLRS,101.89,60,75,65,92,1434
NOVT,101.88,60,85,34,43,1435
SSB,101.83,60,40,41,55,1436
COLB,101.83,60,65,58,69,1437
KOF,101.82,60,56,55,76,1438
MPLX,101.8,60,61,56,57,1439
SLB,101.78,60,60,80,84,1440
ASND,101.76,60,81,69,77,1441
SCHW,101.76,60,49,26,45,1442
IOR,101.74,60,41,37,33,1443
GD,101.71,60,58,50,60,1444
UTHR,101.68,60,72,84,76,1445
PNFP,101.67,60,40,42,36,1446
KYN,101.64,60,64,59,58,1447
HLIT,101.64,60,85,77,40,1448
FBIO,101.63,60,65,37,93,1449
AYI,101.62,60,46,29,35,1450
TRP,101.61,60,75,70,68,1451
RBC,101.59,59,78,80,81,1452
HTH,101.59,59,55,56,67,1453
CSWC,101.58,59,56,64,59,1454
FDMT,101.58,59,94,89,90,1455
BALL,101.57,59,49,45,80,1456
XRAY,101.57,59,28,18,43,1457
FRSH,101.56,59,37,17,4,1458
QNST,101.52,59,64,33,9,1459
CUBI,101.5,59,50,66,59,1460
BLIN,101.49,59,73,31,4,1461
LLYVA,101.45,59,65,61,46,1462
AIO,101.44,59,70,68,42,1463
A,101.44,59,41,28,33,1464
REGN,101.43,59,35,54,71,1465
CWT,101.43,59,56,32,33,1466
FANG,101.42,59,67,75,61,1467
MSA,101.4,59,41,33,61,1468
RKLB,101.36,59,85,97,95,1469
PRTH,101.36,59,61,30,15,1470
BWMX,101.35,59,81,72,89,1471
MSEX,101.34,59,45,34,34,1472
NTWK,101.33,59,83,37,33,1473
UA,101.32,59,57,50,77,1474
ABCB,101.3,59,64,66,66,1475
FDS,101.3,59,27,18,5,1476
EOG,101.27,59,63,66,41,1477
OMC,101.27,59,44,51,27,1478
CINF,101.26,59,63,43,48,1479
VRSN,101.26,59,38,66,21,1480
XIFR,101.24,59,72,69,63,1481
SABS,101.21,59,73,86,94,1482
MFIN,101.18,59,60,29,49,1483
ROCK,101.17,59,17,9,23,1484
UPS,101.15,59,63,44,74,1485
GHC,101.14,59,53,53,50,1486
UBCP,101.12,59,65,70,55,1487
VOC,101.11,59,50,62,53,1488
RYAN,101.11,59,26,4,10,1489
ENIC,101.1,58,61,67,69,1490
L,101.1,58,57,45,62,1491
ESS,101.09,58,61,43,35,1492
TOWN,101.04,58,47,43,42,1493
ELPC,101.03,58,64,80,78,1494
PROV,100.99,58,51,57,48,1495
NTST,100.99,58,68,59,65,1496
EQH,100.98,58,41,24,25,1497
BKTI,100.98,58,60,89,93,1498
SRV,100.96,58,79,72,54,1499
HCC,100.96,58,52,72,85,1500
SAFE,100.95,58,56,51,41,1501
CBSH,100.95,58,50,29,32,1502
CII,100.94,58,70,70,65,1503
SBH,100.93,58,48,55,75,1504
CQP,100.92,58,65,65,46,1505
FAST,100.9,58,43,40,60,1506
CART,100.89,58,62,44,14,1507
UCB,100.87,58,52,50,59,1508
AVIR,100.79,58,69,88,84,1509
SBUX,100.79,58,62,65,51,1510
HRL,100.78,58,48,17,29,1511
RMBI,100.78,58,53,56,42,1512
PYPL,100.76,58,14,19,5,1513
LYTS,100.76,58,78,72,65,1514
FRME,100.76,58,52,48,52,1515
IMPP,100.74,58,67,85,24,1516
HCI,100.74,58,56,31,44,1517
BGR,100.74,58,57,68,64,1518
BMA,100.71,58,83,21,57,1519
NPK,100.69,58,46,70,81,1520
ABUS,100.68,58,76,60,54,1521
XRX,100.68,58,80,33,4,1522
CDE,100.67,58,33,83,97,1523
MTW,100.65,58,58,59,85,1524
BRX,100.65,58,64,61,51,1525
COP,100.61,57,49,68,67,1526
BSM,100.61,57,53,42,59,1527
CRBG,100.6,57,45,23,35,1528
V,100.59,57,45,31,31,1529
PGY,100.57,57,34,23,9,1530
BRZE,100.57,57,28,29,5,1531
MMSI,100.57,57,22,10,22,1532
SKYH,100.55,57,40,41,18,1533
SHEL,100.54,57,48,65,58,1534
SHLS,100.5,57,81,74,91,1535
OLP,100.49,57,64,55,42,1536
VET,100.47,57,41,84,74,1537
AUTL,100.45,57,36,42,26,1538
EVER,100.45,57,74,36,7,1539
MTCH,100.43,57,66,64,31,1540
NCSM,100.38,57,32,73,55,1541
JACK,100.38,57,29,7,42,1542
VALE,100.37,57,55,82,93,1543
EG,100.33,57,55,51,37,1544
MDGL,100.3,57,59,78,71,1545
TOL,100.29,57,54,48,74,1546
MX,100.29,57,66,88,44,1547
BOH,100.28,57,62,64,60,1548
BXP,100.28,57,55,28,26,1549
AM,100.26,57,68,62,65,1550
HOG,100.26,57,59,62,17,1551
DRS,100.25,57,38,46,39,1552
BANR,100.23,57,45,48,38,1553
SII,100.23,57,55,92,94,1554
SCOR,100.22,57,48,54,63,1555
GTLB,100.22,57,44,7,6,1556
PAAS,100.21,57,33,88,96,1557
FHN,100.2,57,53,55,63,1558
EFSI,100.18,57,57,54,60,1559
RMAX,100.18,57,91,79,20,1560
DSP,100.15,57,66,54,15,1561
ETO,100.14,56,59,59,61,1562
RACE,100.12,56,31,22,20,1563
DAN,100.11,56,48,89,93,1564
FELE,100.11,56,46,42,60,1565
CORZ,100.1,56,86,86,78,1566
CBU,100.09,56,55,52,58,1567
EMO,100.06,56,59,57,59,1568
TROX,100.05,56,45,95,95,1569
CDRO,100.03,56,69,69,63,1570
ALGN,100.02,56,46,43,68,1571
SPY,100.0,56,59,60,51,1572
BKR,100.0,56,59,79,81,1573
CAL,99.98,56,30,48,22,1574
IP,99.97,56,36,12,53,1575
CLMB,99.94,56,33,9,38,1576
UAA,99.92,56,55,48,76,1577
AVPT,99.88,56,36,21,9,1578
ULH,99.87,56,6,7,24,1579
NLY,99.86,56,64,58,63,1580
WILC,99.86,56,84,90,89,1581
EGY,99.83,56,75,82,79,1582
CVX,99.81,56,50,63,71,1583
EGP,99.78,56,67,66,54,1584
SYY,99.77,56,56,27,66,1585
NXDT,99.77,56,85,81,83,1586
SMC,99.77,56,69,61,52,1587
SONO,99.76,56,36,55,64,1588
ZM,99.75,56,49,76,57,1589
RGS,99.74,56,52,74,27,1590
CHD,99.74,56,47,39,52,1591
RJF,99.73,56,48,31,35,1592
ICLR,99.72,56,66,16,17,1593
GAM,99.69,56,57,64,64,1594
BKNG,99.64,56,21,22,20,1595
ROK,99.63,56,75,75,65,1596
HON,99.63,56,34,38,69,1597
KVUE,99.6,56,60,28,34,1598
CLBT,99.58,55,49,23,18,1599
HESM,99.57,55,58,52,39,1600
DYAI,99.55,55,46,18,15,1601
IOSP,99.49,55,50,29,42,1602
RDWR,99.47,55,57,59,63,1603
HLT,99.46,55,62,60,68,1604
CRDL,99.4,55,18,73,30,1605
NCMI,99.4,55,44,15,11,1606
BCPC,99.39,55,43,35,56,1607
ACTG,99.38,55,54,73,48,1608
VMI,99.3,55,82,76,77,1609
OTTR,99.27,55,52,51,45,1610
ZBH,99.26,55,29,24,38,1611
GNW,99.26,55,50,54,59,1612
GLNG,99.25,55,65,80,58,1613
FLG,99.23,55,63,61,65,1614
SMG,99.23,55,49,44,57,1615
MGYR,99.22,55,43,48,58,1616
PLD,99.19,55,63,70,68,1617
CATO,99.18,55,33,32,28,1618
CASH,99.18,55,48,49,66,1619
WMB,99.13,55,67,67,70,1620
FTV,99.1,55,57,57,53,1621
MOH,99.08,55,83,48,11,1622
ALTI,99.06,55,27,31,51,1623
HY,98.99,55,26,44,47,1624
CRWS,98.99,55,56,41,45,1625
UHT,98.96,55,59,47,59,1626
GMED,98.95,55,41,52,68,1627
CL,98.92,55,60,39,60,1628
RSKD,98.9,55,61,41,20,1629
WNEB,98.87,55,65,66,76,1630
FN,98.86,55,56,91,89,1631
ALLE,98.86,55,23,17,62,1632
FC,98.84,55,33,64,29,1633
GFR,98.84,55,60,64,71,1634
PPG,98.82,54,48,36,71,1635
RYTM,98.82,54,82,49,75,1636
GSK,98.81,54,56,57,86,1637
CAF,98.81,54,75,71,74,1638
ACEL,98.81,54,51,47,37,1639
NVCR,98.8,54,83,73,13,1640
LAKE,98.76,54,46,18,5,1641
CBFV,98.75,54,64,53,65,1642
CBT,98.75,54,57,69,47,1643
DAKT,98.75,54,43,48,88,1644
DORM,98.73,54,59,30,35,1645
ACNT,98.71,54,57,34,85,1646
PVH,98.69,54,31,73,23,1647
HCAT,98.68,54,79,3,6,1648
WDFC,98.67,54,67,29,51,1649
FDUS,98.65,54,52,48,34,1650
MPAA,98.63,54,73,26,69,1651
IHS,98.63,54,57,67,82,1652
MNSB,98.61,54,70,60,70,1653
RRR,98.58,54,57,37,67,1654
BGC,98.58,54,50,69,28,1655
PCRX,98.57,54,51,43,23,1656
OPK,98.57,54,51,25,25,1657
QTWO,98.56,54,19,11,11,1658
SEER,98.54,54,62,30,26,1659
CUBE,98.49,54,47,50,37,1660
CRON,98.49,54,58,49,58,1661
RILY,98.48,54,75,89,87,1662
COO,98.48,54,30,14,47,1663
SIG,98.45,54,27,45,65,1664
DG,98.42,54,35,37,89,1665
ATR,98.4,54,29,24,45,1666
CLF,98.39,54,28,56,74,1667
TJX,98.38,54,44,52,55,1668
EA,98.36,54,56,61,77,1669
BATRK,98.34,54,70,72,38,1670
INVH,98.31,53,58,39,24,1671
UTL,98.3,53,47,40,39,1672
BANC,98.29,53,62,59,73,1673
MCFT,98.28,53,70,57,72,1674
COR,98.28,53,34,15,69,1675
EXR,98.24,53,47,47,41,1676
CCEC,98.23,53,54,35,44,1677
HIG,98.22,53,46,38,58,1678
VEON,98.2,53,52,33,57,1679
ARGX,98.2,53,76,50,67,1680
BKU,98.2,53,60,64,75,1681
AAP,98.17,53,50,68,75,1682
ALGM,98.17,53,90,89,90,1683
LW,98.16,53,38,15,25,1684
ESNT,98.16,53,48,44,49,1685
PB,98.15,53,43,38,51,1686
MO,98.13,53,70,60,64,1687
AMZN,98.13,53,53,74,23,1688
BOE,98.13,53,54,50,54,1689
ABEV,98.13,53,65,75,79,1690
AJG,98.12,53,37,14,12,1691
HIPO,98.06,53,36,37,28,1692
OLMA,98.03,53,64,93,99,1693
FBIN,98.02,53,47,8,59,1694
ATMU,98.0,53,35,65,84,1695
MAS,98.0,53,77,45,49,1696
AEO,97.97,53,42,48,91,1697
ADUS,97.93,53,43,26,35,1698
MNR,97.9,53,54,59,41,1699
AGNC,97.85,53,64,63,72,1700
SNFCA,97.83,53,52,55,37,1701
EMN,97.8,53,32,51,62,1702
NWE,97.78,53,68,67,71,1703
IBIO,97.78,53,80,88,97,1704
STRA,97.77,53,39,40,27,1705
EXK,97.75,53,34,88,98,1706
CHCI,97.74,53,53,79,30,1707
PUMP,97.72,52,89,95,89,1708
VTEX,97.71,52,27,27,9,1709
RDW,97.67,52,33,72,39,1710
GFS,97.64,52,91,94,79,1711
DLR,97.61,52,42,64,46,1712
KNOP,97.61,52,72,77,83,1713
MTD,97.59,52,41,34,47,1714
ENPH,97.57,52,71,24,74,1715
TBPH,97.57,52,59,69,90,1716
HURN,97.57,52,10,14,23,1717
EQR,97.55,52,58,46,39,1718
OCFC,97.55,52,44,50,52,1719
GNL,97.51,52,53,60,80,1720
SDRL,97.47,52,54,87,86,1721
BP,97.47,52,51,75,60,1722
FSBW,97.47,52,49,45,44,1723
WPP,97.46,52,15,22,10,1724
TAIT,97.45,52,38,20,16,1725
CTAS,97.43,52,32,17,36,1726
INFU,97.43,52,66,85,38,1727
TY,97.39,52,55,49,41,1728
KEX,97.35,52,72,76,59,1729
UE,97.33,52,67,58,50,1730
SEI,97.33,52,84,94,92,1731
OVBC,97.33,52,50,69,77,1732
TRN,97.32,52,63,79,62,1733
MMI,97.29,52,56,52,18,1734
HBIO,97.26,52,68,85,29,1735
AOMR,97.23,52,52,45,37,1736
DTM,97.21,52,74,74,72,1737
LNG,97.19,52,54,53,36,1738
EVCM,97.17,52,22,57,43,1739
EW,97.17,52,65,43,38,1740
LTC,97.15,52,55,56,60,1741
FFIN,97.14,52,47,33,35,1742
EME,97.12,52,61,85,86,1743
DVN,97.11,51,57,74,77,1744
EVRG,97.08,51,61,59,58,1745
FSS,97.08,51,46,50,54,1746
SWX,97.08,51,58,61,58,1747
BATRA,97.07,51,71,72,41,1748
IRON,97.07,51,66,37,73,1749
FHB,97.05,51,63,55,49,1750
BBAR,97.04,51,86,18,44,1751
CPT,97.03,51,54,35,41,1752
UTF,97.01,51,56,53,54,1753
AON,97.0,51,44,28,21,1754
CET,96.99,51,48,54,52,1755
CAMT,96.95,51,54,94,93,1756
SHW,96.93,51,35,25,43,1757
HUBB,96.93,51,44,57,69,1758
KMB,96.91,51,49,23,27,1759
PMN,96.89,51,82,15,53,1760
MSFT,96.89,51,24,29,22,1761
AMH,96.89,51,51,36,30,1762
PCG,96.89,51,47,37,46,1763
MATW,96.89,51,45,69,59,1764
BCML,96.84,51,62,55,51,1765
FNV,96.84,51,29,65,88,1766
ZTR,96.79,51,55,56,60,1767
TRS,96.79,51,64,78,71,1768
KMI,96.76,51,58,59,65,1769
SYF,96.75,51,28,51,46,1770
PTON,96.75,51,35,38,5,1771
NVDA,96.74,51,56,74,63,1772
BHF,96.72,51,61,48,51,1773
BRBS,96.72,51,38,42,60,1774
THM,96.72,51,70,90,99,1775
DMLP,96.71,51,48,51,43,1776
COLD,96.66,51,72,59,24,1777
WMK,96.65,51,60,35,40,1778
STEW,96.64,51,42,40,45,1779
NIE,96.62,50,65,58,51,1780
BDC,96.61,50,23,25,69,1781
ZWS,96.6,50,46,59,68,1782
LZ,96.59,50,29,7,12,1783
ATHM,96.59,50,29,14,18,1784
VZ,96.55,50,38,56,69,1785
HMC,96.55,50,38,13,50,1786
KRP,96.51,50,65,58,46,1787
SFBC,96.5,50,32,27,28,1788
FSM,96.5,50,26,81,92,1789
BCO,96.49,50,33,31,74,1790
DRI,96.49,50,41,36,60,1791
HPK,96.48,50,63,36,9,1792
RPD,96.48,50,70,2,1,1793
GTIM,96.4,50,44,23,14,1794
WFC,96.39,50,40,25,54,1795
KDP,96.38,50,63,34,38,1796
TREX,96.38,50,50,23,29,1797
REG,96.35,50,57,52,49,1798
APAM,96.35,50,27,24,39,1799
PJT,96.35,50,32,31,31,1800
USAC,96.34,50,56,65,57,1801
CARG,96.28,50,33,66,16,1802
IDA,96.23,50,60,61,61,1803
CDW,96.22,50,34,8,19,1804
RPM,96.21,50,31,24,44,1805
CAPL,96.2,50,61,49,58,1806
VVV,96.2,50,53,39,53,1807
HLLY,96.16,50,19,32,80,1808
GBCI,96.16,50,52,50,62,1809
TOST,96.15,50,23,11,10,1810
LECO,96.15,50,42,58,80,1811
MA,96.12,50,36,25,31,1812
PTCT,96.11,50,83,74,74,1813
DFIN,96.09,50,17,22,15,1814
SDGR,96.09,50,43,13,6,1815
USLM,96.08,49,14,40,31,1816
ARCO,96.07,49,51,67,54,1817
ZTO,96.07,49,55,68,76,1818
YEXT,96.07,49,25,6,12,1819
TRIP,96.02,49,35,9,13,1820
HBAN,96.0,49,46,34,56,1821
FE,96.0,49,49,39,56,1822
ETD,95.99,49,25,17,28,1823
BEP,95.98,49,63,72,70,1824
GLRE,95.95,49,56,78,45,1825
SCI,95.95,49,30,33,48,1826
PRAA,95.93,49,46,85,8,1827
PRPO,95.93,49,68,96,95,1828
STRS,95.88,49,60,81,90,1829
TPL,95.86,49,54,56,60,1830
UEIC,95.86,49,41,34,25,1831
AUBN,95.84,49,50,38,51,1832
SF,95.82,49,32,39,53,1833
ETB,95.8,49,53,53,52,1834
FTS,95.79,49,58,54,57,1835
BKH,95.79,49,59,64,62,1836
LGL,95.79,49,44,47,49,1837
ECL,95.78,49,39,30,62,1838
FMS,95.78,49,38,24,33,1839
WY,95.74,49,27,29,50,1840
BLCO,95.73,49,48,55,61,1841
IBOC,95.72,49,51,50,49,1842
ARTNA,95.72,49,50,35,43,1843
CPK,95.71,49,36,36,42,1844
TAK,95.7,49,42,49,77,1845
CAAP,95.69,49,51,48,81,1846
COF,95.69,49,27,25,40,1847
FCUV,95.67,49,0,0,0,1848
AUPH,95.65,49,81,75,81,1849
AES,95.63,49,55,50,79,1850
SLM,95.61,49,30,14,23,1851
MCHX,95.57,48,34,40,27,1852
GMAB,95.57,48,46,45,75,1853
VRTS,95.55,48,36,31,18,1854
AVNT,95.55,48,47,48,66,1855
WTRG,95.55,48,39,36,37,1856
CTVA,95.53,48,62,65,58,1857
JOE,95.53,48,45,64,77,1858
CRGY,95.5,48,34,80,44,1859
ACGL,95.46,48,52,40,50,1860
AQB,95.43,48,32,56,42,1861
BFS,95.41,48,59,56,51,1862
BA,95.41,48,41,52,64,1863
DMAC,95.4,48,83,57,87,1864
KBH,95.39,48,43,19,45,1865
JOUT,95.38,48,43,80,86,1866
MLYS,95.38,48,69,80,92,1867
SBSI,95.37,48,57,57,57,1868
ARR,95.34,48,54,62,59,1869
ETR,95.33,48,66,70,60,1870
WFG,95.32,48,33,22,49,1871
FTAI,95.3,48,65,89,95,1872
STIM,95.28,48,14,10,6,1873
MTH,95.24,48,74,25,52,1874
ITT,95.23,48,38,64,68,1875
KE,95.23,48,33,60,58,1876
WTM,95.23,48,49,55,59,1877
AIOT,95.23,48,42,10,13,1878
NGVC,95.22,48,51,21,11,1879
KAI,95.21,48,29,52,50,1880
QSR,95.21,48,48,66,47,1881
ECVT,95.19,48,64,88,82,1882
AMX,95.16,48,71,78,72,1883
WEN,95.13,48,28,17,15,1884
CLAR,95.12,48,44,22,30,1885
REI,95.1,48,50,89,76,1886
WPC,95.1,48,51,60,64,1887
AVK,95.08,48,55,56,52,1888
EFC,95.07,47,56,56,41,1889
POR,95.04,47,59,50,64,1890
KRNT,95.02,47,35,49,46,1891
MARPS,95.01,47,49,62,73,1892
WRB,94.98,47,43,28,41,1893
LEA,94.97,47,62,75,81,1894
WMS,94.95,47,44,36,73,1895
CSL,94.94,47,32,33,65,1896
ACVA,94.94,47,38,13,17,1897
NOMD,94.92,47,35,8,27,1898
RNXT,94.92,47,17,20,23,1899
OMAB,94.9,47,38,35,81,1900
BHC,94.89,47,15,38,34,1901
PHUN,94.87,47,23,22,10,1902
AKR,94.85,47,55,56,39,1903
TCBI,94.84,47,53,60,70,1904
GASS,94.83,47,59,84,75,1905
AVB,94.77,47,49,43,30,1906
APD,94.77,47,49,51,47,1907
TT,94.73,47,57,49,60,1908
PLTK,94.72,47,36,27,14,1909
BLK,94.7,47,29,45,43,1910
BTI,94.67,47,63,54,73,1911
INMB,94.67,47,52,10,5,1912
EGHT,94.66,47,52,74,75,1913
NRK,94.64,47,55,54,45,1914
GOOD,94.63,47,53,58,29,1915
MIY,94.63,47,54,45,55,1916
AWK,94.61,47,35,31,31,1917
ENB,94.6,47,62,59,56,1918
AN,94.59,47,26,46,46,1919
API,94.58,47,47,54,52,1920
BANX,94.56,47,42,44,43,1921
SGU,94.55,47,56,50,53,1922
MDIA,94.54,47,53,36,5,1923
IRT,94.52,46,48,34,32,1924
SPCB,94.52,46,59,76,21,1925
MGRC,94.52,46,50,35,48,1926
HAS,94.51,46,27,72,88,1927
CHH,94.51,46,34,32,30,1928
ELDN,94.5,46,91,83,14,1929
TDOC,94.47,46,82,66,5,1930
AIN,94.47,46,74,48,40,1931
NPCE,94.44,46,76,82,76,1932
AGNCN,94.44,46,48,47,45,1933
HIFS,94.41,46,34,39,54,1934
RNGR,94.4,46,54,63,68,1935
O,94.38,46,53,51,64,1936
IQI,94.36,46,53,47,52,1937
SSBI,94.35,46,51,64,83,1938
TRU,94.34,46,36,24,18,1939
SSD,94.33,46,55,48,66,1940
NWN,94.3,46,47,69,61,1941
AGNCM,94.3,46,49,47,45,1942
EMD,94.29,46,53,53,62,1943
CXM,94.29,46,14,13,11,1944
MDLZ,94.28,46,40,42,43,1945
PRVA,94.27,46,67,42,27,1946
OPRT,94.24,46,38,45,32,1947
TMQ,94.23,46,60,92,98,1948
GNRC,94.22,46,85,90,82,1949
ED,94.22,46,53,44,55,1950
OXLCO,94.2,46,48,48,46,1951
GBX,94.2,46,31,51,64,1952
NX,94.18,46,50,46,73,1953
SMRT,94.17,46,12,18,82,1954
UPBD,94.14,46,42,28,30,1955
AVNW,94.09,46,28,7,61,1956
BSBK,94.07,46,46,46,46,1957
VTN,94.07,46,50,47,63,1958
ICFI,94.05,46,33,15,22,1959
DX,94.03,46,52,55,61,1960
BBDO,94.01,46,40,63,85,1961
IGR,94.0,45,47,46,42,1962
LIN,93.99,45,58,54,45,1963
ARLO,93.97,45,21,59,17,1964
OSK,93.97,45,37,47,87,1965
ELS,93.96,45,45,41,46,1966
USAS,93.93,45,43,95,99,1967
DOCU,93.93,45,15,14,6,1968
ACRE,93.92,45,35,63,65,1969
CVI,93.91,45,37,76,25,1970
WDAY,93.86,45,17,6,6,1971
TISI,93.82,45,38,46,16,1972
J,93.81,45,31,17,37,1973
GGN,93.79,45,35,60,76,1974
LYFT,93.79,45,28,26,16,1975
HLN,93.78,45,39,25,57,1976
WEAV,93.77,45,52,17,11,1977
USA,93.76,45,37,36,35,1978
CPS,93.76,45,22,46,88,1979
VYX,93.75,45,26,15,18,1980
GVA,93.74,45,77,78,82,1981
IIIN,93.73,45,22,12,61,1982
ADV,93.73,45,86,88,2,1983
PRQR,93.7,45,17,27,12,1984
AURA,93.68,45,67,83,26,1985
OGE,93.67,45,51,52,42,1986
AEE,93.66,45,54,52,47,1987
IREN,93.63,45,74,98,98,1988
FER,93.63,45,42,63,83,1989
FWONA,93.61,45,40,43,21,1990
AA,93.6,45,43,90,94,1991
SSNC,93.59,45,18,20,22,1992
BZUN,93.57,45,40,29,20,1993
LYB,93.57,45,35,84,64,1994
PFE,93.56,45,30,49,61,1995
TTWO,93.55,45,54,38,24,1996
PGR,93.53,45,54,24,26,1997
BEAM,93.5,44,88,85,70,1998
XLO,93.49,44,33,20,9,1999
NTES,93.49,44,39,29,40,2000
VATE,93.48,44,95,95,23,2001
PRDO,93.46,44,45,66,36,2002
HIHO,93.45,44,8,5,6,2003
SMP,93.43,44,42,55,76,2004
FCPT,93.42,44,46,41,38,2005
RVSB,93.41,44,34,42,34,2006
FLR,93.39,44,45,38,49,2007
RRX,93.38,44,73,79,90,2008
IMCR,93.38,44,34,23,37,2009
LKFN,93.37,44,35,44,36,2010
RERE,93.37,44,25,70,91,2011
HMY,93.33,44,20,44,84,2012
MCK,93.32,44,31,44,78,2013
ENR,93.32,44,44,16,27,2014
WPM,93.31,44,28,75,92,2015
NEM,93.3,44,48,83,95,2016
IBN,93.28,44,33,19,36,2017
KPRX,93.25,44,33,40,17,2018
TFPM,93.25,44,24,65,90,2019
SLSR,93.24,44,49,88,95,2020
SLMBP,93.23,44,44,45,43,2021
BGY,93.22,44,46,44,57,2022
RGLD,93.21,44,22,65,92,2023
CLPT,93.21,44,85,26,22,2024
AEP,93.16,44,63,62,56,2025
NTIC,93.11,44,56,36,48,2026
ATHE,93.08,44,87,65,21,2027
AIG,93.05,44,39,38,39,2028
VRDN,93.03,44,57,15,89,2029
DOW,92.98,44,37,83,79,2030
DUOT,92.97,44,72,36,67,2031
RQI,92.96,44,46,60,53,2032
APLD,92.96,44,90,98,99,2033
FWONK,92.95,43,39,42,20,2034
TDC,92.93,43,84,73,86,2035
CARS,92.9,43,36,47,22,2036
VLTO,92.9,43,30,24,30,2037
WFRD,92.9,43,51,86,91,2038
DV,92.88,43,36,34,10,2039
DOV,92.88,43,52,61,71,2040
HAL,92.88,43,71,87,85,2041
ASPN,92.88,43,61,67,8,2042
RPAY,92.86,43,55,28,12,2043
KRMD,92.85,43,44,43,64,2044
FERG,92.85,43,31,50,72,2045
ADC,92.84,43,54,46,48,2046
CLSK,92.83,43,49,79,20,2047
NWSA,92.83,43,39,33,19,2048
ALV,92.81,43,40,51,61,2049
ACIC,92.81,43,44,33,39,2050
CX,92.81,43,72,80,89,2051
EXC,92.79,43,46,37,39,2052
CMRE,92.78,43,55,86,87,2053
CIG,92.75,43,37,69,61,2054
LNT,92.75,43,62,56,49,2055
PACK,92.75,43,86,82,66,2056
MLTX,92.74,43,77,26,13,2057
CRAI,92.74,43,18,13,23,2058
REZI,92.73,43,30,80,81,2059
KRO,92.73,43,39,76,56,2060
ERC,92.66,43,43,41,46,2061
HTHT,92.62,43,34,65,84,2062
INMD,92.56,43,41,31,35,2063
MTZ,92.54,43,91,95,89,2064
FRHC,92.54,43,47,37,16,2065
WM,92.53,43,47,32,51,2066
LOGI,92.5,43,37,63,26,2067
HAYW,92.5,43,49,28,50,2068
SOR,92.49,43,46,47,57,2069
NAD,92.48,42,51,42,49,2070
SD,92.48,42,49,61,85,2071
PLTR,92.44,42,20,26,23,2072
CABA,92.41,42,84,96,78,2073
PSLV,92.41,42,34,89,96,2074
PHK,92.4,42,45,39,50,2075
CHMI,92.34,42,32,49,37,2076
BRO,92.33,42,20,8,12,2077
VLYPP,92.33,42,44,46,44,2078
SWKS,92.3,42,27,43,28,2079
NUV,92.29,42,47,45,46,2080
AOSL,92.29,42,88,92,23,2081
ALTG,92.28,42,36,61,65,2082
RGNX,92.28,42,90,63,27,2083
NVG,92.26,42,51,47,54,2084
RYN,92.23,42,34,27,35,2085
VLYPO,92.23,42,43,44,44,2086
HLF,92.22,42,46,81,97,2087
NMZ,92.21,42,48,40,42,2088
ENSG,92.2,42,31,37,80,2089
APG,92.19,42,48,67,82,2090
NEA,92.18,42,50,42,48,2091
AFB,92.09,42,51,51,46,2092
AGIO,92.08,42,76,25,14,2093
YORW,92.08,42,34,28,40,2094
BSBR,92.06,42,22,39,77,2095
GBLI,92.06,42,26,36,30,2096
QDEL,92.05,42,14,1,43,2097
GILD,92.04,42,56,48,84,2098
TR,92.03,42,35,65,57,2099
VEEV,92.02,42,21,10,9,2100
INVA,92.02,42,48,66,63,2101
TDUP,92.01,42,74,11,18,2102
DTF,91.96,42,43,43,42,2103
ABT,91.93,42,15,8,24,2104
WHLRD,91.92,42,47,35,56,2105
NZF,91.9,42,49,48,51,2106
BAM,91.89,41,26,27,29,2107
NDAQ,91.87,41,32,42,36,2108
STVN,91.87,41,48,26,10,2109
TSQ,91.86,41,60,46,59,2110
HPI,91.86,41,47,47,38,2111
NHI,91.85,41,40,39,62,2112
ONL,91.84,41,71,70,36,2113
YUM,91.83,41,52,40,50,2114
GATX,91.82,41,37,61,68,2115
KNSL,91.82,41,19,11,30,2116
NEE,91.81,41,50,67,69,2117
RCEL,91.81,41,48,27,12,2118
WS,91.77,41,36,66,90,2119
WOOF,91.76,41,19,33,16,2120
SPT,91.75,41,30,8,3,2121
WLKP,91.75,41,51,61,50,2122
RGP,91.74,41,51,36,16,2123
WOR,91.73,41,31,28,48,2124
PDS,91.7,41,66,84,91,2125
ALCO,91.68,41,55,65,75,2126
IDCC,91.65,41,33,31,78,2127
ARL,91.65,41,84,25,67,2128
IRS,91.64,41,49,29,53,2129
ONC,91.63,41,37,42,73,2130
IVR,91.63,41,54,56,72,2131
HGV,91.63,41,55,58,55,2132
CLX,91.62,41,22,14,46,2133
MGLD,91.61,41,61,67,57,2134
SBS,91.61,41,56,77,81,2135
MUC,91.59,41,50,46,44,2136
AVY,91.53,41,27,27,52,2137
TITN,91.5,41,35,65,47,2138
EOI,91.49,41,39,42,43,2139
SRI,91.45,41,62,61,89,2140
HLMN,91.44,41,25,19,56,2141
FFC,91.43,41,44,42,48,2142
TPCS,91.42,40,78,30,63,2143
DTE,91.42,40,55,47,45,2144
VKTX,91.41,40,73,35,18,2145
AS,91.33,40,30,48,72,2146
HTGC,91.33,40,38,33,29,2147
KEN,91.3,40,63,93,95,2148
CARR,91.24,40,57,46,47,2149
TXT,91.23,40,41,53,69,2150
NERV,91.21,40,93,96,93,2151
LIEN,91.15,40,43,30,44,2152
BCBP,91.14,40,58,74,37,2153
MAA,91.14,40,50,31,29,2154
MFA,91.13,40,55,63,53,2155
XBIO,91.13,40,27,69,11,2156
CERT,91.12,40,17,7,9,2157
BG,91.11,40,69,78,86,2158
APT,91.1,40,42,76,53,2159
PLAB,91.08,40,28,96,93,2160
NWS,91.08,40,31,34,23,2161
SIM,91.07,40,34,46,57,2162
LSAK,91.05,40,43,57,50,2163
ALKT,91.04,40,19,25,10,2164
ARI,91.03,40,42,61,57,2165
MSI,91.03,40,36,48,36,2166
BBD,91.01,40,41,61,85,2167
ZVIA,91.0,40,40,6,5,2168
CHGG,90.97,40,19,80,4,2169
EDIT,90.94,40,80,90,27,2170
SO,90.93,40,46,42,41,2171
FG,90.92,40,43,32,18,2172
CODA,90.92,40,33,78,86,2173
IPHA,90.92,40,57,10,18,2174
BZFD,90.91,40,91,6,4,2175
USPH,90.91,40,24,11,55,2176
PFN,90.9,40,44,40,46,2177
MXC,90.9,40,26,47,71,2178
WWW,90.89,39,24,26,33,2179
STE,90.89,39,24,20,36,2180
MC,90.87,39,51,35,56,2181
CNP,90.84,39,57,50,55,2182
EPSN,90.82,39,38,57,20,2183
EPRT,90.79,39,44,44,43,2184
FHTX,90.74,39,77,28,60,2185
PNRG,90.72,39,36,82,63,2186
SPXC,90.69,39,52,41,73,2187
TAYD,90.69,39,53,35,95,2188
CPSS,90.68,39,54,62,31,2189
WAL,90.65,39,34,35,62,2190
SBGI,90.63,39,45,44,37,2191
CDNS,90.63,39,69,63,28,2192
GWRE,90.62,39,13,17,7,2193
CLFD,90.58,39,45,70,28,2194
BRW,90.57,39,39,43,27,2195
ADT,90.55,39,24,19,32,2196
MMU,90.55,39,43,43,49,2197
ARCC,90.54,39,35,34,33,2198
BYD,90.51,39,41,51,44,2199
PNI,90.5,39,45,47,45,2200
NIM,90.49,39,41,39,48,2201
FOA,90.47,39,73,32,24,2202
HIVE,90.46,39,75,64,16,2203
VNOM,90.45,39,53,67,51,2204
JQC,90.44,39,41,38,41,2205
TTEK,90.43,39,28,16,68,2206
SLGN,90.42,39,39,21,48,2207
SELF,90.39,39,43,49,41,2208
NL,90.38,39,48,31,32,2209
CALM,90.37,39,42,21,23,2210
IPI,90.37,39,37,69,70,2211
LPLA,90.33,39,25,16,26,2212
FT,90.33,39,46,46,50,2213
BX,90.3,38,20,23,23,2214
NGG,90.3,38,45,59,72,2215
YUMC,90.3,38,26,33,69,2216
MDT,90.29,38,25,17,55,2217
CXT,90.29,38,35,16,22,2218
DUK,90.27,38,45,43,46,2219
UGI,90.27,38,40,27,58,2220
NTR,90.27,38,41,73,73,2221
SBR,90.26,38,51,58,41,2222
KGEI,90.22,38,45,57,12,2223
CHT,90.2,38,40,44,40,2224
UL,90.2,38,38,19,50,2225
HOVNP,90.19,38,57,60,69,2226
FLC,90.16,38,41,42,50,2227
IAF,90.16,38,38,36,53,2228
PI,90.13,38,52,71,15,2229
HPS,90.12,38,46,48,41,2230
BORR,90.12,38,76,94,96,2231
MOD,90.11,38,90,93,93,2232
QGEN,90.09,38,20,9,63,2233
VIPS,90.09,38,20,25,44,2234
RNP,90.09,38,40,45,39,2235
KREF,90.09,38,40,23,19,2236
PFO,90.03,38,40,40,49,2237
BGH,90.02,38,42,39,41,2238
AKA,90.02,38,50,50,23,2239
NPKI,90.02,38,71,81,86,2240
JKHY,90.0,38,25,21,35,2241
BJ,89.97,38,26,26,35,2242
NI,89.97,38,56,61,51,2243
STC,89.95,38,42,44,40,2244
RGCO,89.95,38,53,54,40,2245
GEG,89.95,38,39,41,29,2246
DHI,89.94,38,42,41,62,2247
PAM,89.92,38,49,35,44,2248
RRC,89.91,38,31,58,31,2249
TIPT,89.88,38,39,26,22,2250
LFWD,89.88,38,48,16,10,2251
MDU,89.86,37,55,67,57,2252
ABG,89.85,37,26,24,32,2253
VGI,89.83,37,43,43,50,2254
MKTX,89.82,37,7,16,32,2255
AEMD,89.81,37,0,3,0,2256
LDP,89.79,37,45,44,44,2257
PHG,89.7,37,47,37,64,2258
KVAC,89.68,37,44,44,44,2259
GGAL,89.66,37,68,15,26,2260
ATO,89.64,37,43,52,51,2261
CCM,89.64,37,43,67,10,2262
TEL,89.62,37,29,40,65,2263
MDRR,89.6,37,36,40,35,2264
TBCH,89.6,37,40,34,15,2265
FAX,89.6,37,41,41,50,2266
HIO,89.58,37,41,42,43,2267
BTT,89.58,37,42,44,44,2268
EIM,89.56,37,46,46,42,2269
HD,89.55,37,33,20,40,2270
STAG,89.53,37,49,50,50,2271
ARES,89.53,37,24,18,18,2272
LODE,89.52,37,64,45,35,2273
RGR,89.52,37,35,52,55,2274
RES,89.49,37,37,78,51,2275
TXNM,89.48,37,36,47,52,2276
RNW,89.44,37,48,25,13,2277
BRT,89.41,37,47,41,36,2278
CBOE,89.4,37,42,79,58,2279
XEL,89.37,37,47,50,49,2280
CTRM,89.36,37,58,31,38,2281
MWA,89.36,37,30,36,63,2282
HOOD,89.35,37,72,24,27,2283
MKL,89.34,37,34,23,50,2284
VERA,89.34,37,74,76,90,2285
NCA,89.32,37,47,45,56,2286
MMYT,89.3,37,27,6,8,2287
CNTB,89.28,36,69,84,97,2288
BANF,89.27,36,33,32,34,2289
EXP,89.26,36,33,30,38,2290
BKT,89.26,36,38,36,40,2291
AVA,89.24,36,49,46,51,2292
CAAS,89.24,36,43,47,55,2293
WCN,89.22,36,39,20,32,2294
ZVRA,89.21,36,89,71,34,2295
ERIC,89.19,36,61,76,77,2296
EOS,89.18,36,38,45,34,2297
SEB,89.17,36,50,66,93,2298
RCKT,89.16,36,76,44,15,2299
SFIX,89.15,36,30,20,22,2300
GSIT,89.15,36,73,91,84,2301
PIM,89.15,36,38,43,42,2302
BKSY,89.12,36,28,96,80,2303
GFL,89.12,36,27,15,31,2304
OCSL,89.11,36,39,37,28,2305
UMH,89.09,36,40,41,39,2306
UFPI,89.01,36,21,17,61,2307
OFLX,89.0,36,28,30,66,2308
RITM,89.0,36,25,27,33,2309
NATH,88.99,36,39,40,45,2310
DAIO,88.96,36,77,30,47,2311
AGO,88.95,36,35,23,36,2312
YIBO,88.95,36,41,31,7,2313
MORN,88.94,36,13,13,9,2314
ROP,88.94,36,17,15,9,2315
SFM,88.93,36,24,27,6,2316
EEFT,88.92,36,32,19,17,2317
MCO,88.86,36,37,29,29,2318
COHN,88.86,36,40,83,93,2319
ASUR,88.85,36,27,48,21,2320
FLWS,88.85,36,29,53,25,2321
CHCT,88.85,36,67,61,63,2322
PCN,88.84,36,37,38,44,2323
UVV,88.83,36,37,44,38,2324
MNTK,88.77,35,39,10,14,2325
HII,88.76,35,23,45,90,2326
PHYS,88.76,35,33,63,85,2327
KGC,88.75,35,27,81,95,2328
GIGM,88.74,35,37,29,38,2329
IMRN,88.74,35,52,6,3,2330
LMNR,88.72,35,33,23,24,2331
JJSF,88.7,35,20,18,18,2332
AAON,88.69,35,75,85,38,2333
OGS,88.67,35,35,51,54,2334
REXR,88.66,35,30,36,33,2335
PML,88.65,35,42,43,42,2336
CHRW,88.62,35,82,73,91,2337
MSCI,88.62,35,53,44,35,2338
CMS,88.62,35,46,41,43,2339
IDR,88.62,35,48,94,96,2340
FPF,88.6,35,42,45,46,2341
PG,88.6,35,42,32,43,2342
SEDG,88.57,35,89,83,89,2343
EVR,88.56,35,42,62,69,2344
MGEE,88.54,35,41,24,28,2345
COLM,88.53,35,54,54,46,2346
CBRE,88.53,35,30,32,38,2347
GANX,88.53,35,27,41,17,2348
EOLS,88.51,35,75,56,4,2349
APO,88.5,35,31,37,25,2350
MOLN,88.49,35,41,31,60,2351
CNX,88.48,35,29,47,69,2352
XPL,88.46,35,40,70,63,2353
VALU,88.44,35,61,29,37,2354
CYH,88.43,35,56,24,37,2355
DECK,88.43,35,34,32,52,2356
RNAC,88.39,35,82,53,8,2357
ORC,88.39,35,44,50,55,2358
PVL,88.39,35,35,62,53,2359
IPM,88.38,35,26,39,22,2360
GBDC,88.37,34,38,42,27,2361
JMM,88.36,34,37,33,42,2362
EXPO,88.36,34,23,17,30,2363
DPZ,88.34,34,12,13,23,2364
RSG,88.34,34,38,23,41,2365
GDYN,88.33,34,13,18,7,2366
ALB,88.31,34,57,96,96,2367
EAD,88.3,34,38,39,43,2368
TKO,88.24,34,39,41,65,2369
CACI,88.24,34,26,20,64,2370
TV,88.22,34,39,58,86,2371
DSL,88.21,34,40,38,39,2372
MGF,88.21,34,35,35,40,2373
DSU,88.2,34,41,41,41,2374
ANIP,88.2,34,54,40,39,2375
BNTC,88.17,34,58,39,29,2376
MXCT,88.12,34,58,10,2,2377
CKX,88.09,34,49,38,33,2378
TDG,88.08,34,37,29,39,2379
BBDC,88.08,34,41,46,45,2380
AWF,88.07,34,36,35,40,2381
SR,88.07,34,33,49,57,2382
FLNC,88.07,34,66,96,94,2383
EYPT,88.06,34,46,79,88,2384
HSY,88.04,34,28,34,82,2385
TLF,88.04,34,43,45,35,2386
HIMS,88.02,34,72,29,1,2387
DEI,88.01,34,42,47,14,2388
ASIX,88.0,34,31,50,30,2389
GO,88.0,34,51,6,11,2390
AR,88.0,34,33,46,32,2391
BLW,87.99,34,37,34,42,2392
ASMB,87.97,34,59,81,83,2393
DLNG,87.96,34,34,49,40,2394
TBLA,87.94,34,89,86,26,2395
ELTK,87.93,34,32,17,16,2396
SSTI,87.92,33,32,14,8,2397
SPH,87.91,33,36,50,48,2398
RELX,87.91,33,15,24,6,2399
BNT,87.88,33,33,49,52,2400
USAU,87.86,33,31,69,85,2401
LSPD,87.86,33,34,28,12,2402
DRVN,87.85,33,43,16,50,2403
RICK,87.81,33,31,26,11,2404
CWST,87.73,33,44,18,51,2405
PAI,87.72,33,37,37,44,2406
MCHP,87.69,33,75,89,81,2407
CGNT,87.66,33,39,78,15,2408
SAIA,87.64,33,68,82,70,2409
ULTA,87.6,33,17,35,87,2410
NXST,87.6,33,36,51,74,2411
PPL,87.6,33,37,40,40,2412
WEC,87.55,33,49,43,47,2413
HNNA,87.55,33,40,39,32,2414
OXM,87.54,33,25,61,24,2415
SONY,87.52,33,21,16,22,2416
BCSF,87.51,33,38,45,33,2417
GRVY,87.51,33,43,43,47,2418
PERI,87.51,33,28,67,24,2419
VHI,87.5,33,29,30,38,2420
PAGS,87.49,33,26,44,69,2421
LOMA,87.48,33,46,34,41,2422
FLGT,87.45,33,50,11,44,2423
EVV,87.45,33,37,36,42,2424
PXLW,87.44,33,26,20,15,2425
WBX,87.43,33,83,96,99,2426
CHNR,87.42,33,33,59,25,2427
SSP,87.4,33,48,95,94,2428
FPH,87.4,33,29,26,25,2429
AFCG,87.39,33,28,52,4,2430
ITRI,87.39,33,16,14,25,2431
TYG,87.36,33,45,59,61,2432
SLNG,87.35,33,25,12,45,2433
MTDR,87.34,32,49,75,47,2434
DLB,87.34,32,12,19,32,2435
ARQQ,87.31,32,32,8,13,2436
DNOW,87.27,32,32,20,64,2437
MGY,87.26,32,36,71,70,2438
LFVN,87.23,32,46,12,4,2439
ZDGE,87.2,32,27,49,60,2440
TSN,87.19,32,40,66,62,2441
TEAM,87.14,32,18,9,3,2442
MAIN,87.14,32,30,39,48,2443
COST,87.12,32,36,43,38,2444
GIL,87.11,32,24,42,81,2445
SUI,87.09,32,32,44,43,2446
FNF,87.09,32,33,27,41,2447
FIZZ,87.08,32,25,27,26,2448
CGTX,87.03,32,61,90,87,2449
DSGX,87.0,32,23,22,9,2450
CDLR,87.0,32,42,81,78,2451
DNN,86.97,32,58,86,95,2452
RYAAY,86.97,32,44,28,62,2453
CMG,86.96,32,19,17,30,2454
GLPI,86.95,32,33,53,43,2455
NVTS,86.91,32,94,98,96,2456
NCLH,86.89,32,25,16,54,2457
SUPN,86.88,32,58,67,73,2458
ORLY,86.87,32,26,34,35,2459
BN,86.82,32,35,50,51,2460
MQ,86.8,32,25,46,23,2461
CNNE,86.78,32,31,22,18,2462
DEO,86.78,32,30,20,34,2463
EXLS,86.78,32,11,19,10,2464
WMT,86.77,32,39,66,74,2465
EDUC,86.74,32,68,52,47,2466
GLAD,86.7,32,34,35,20,2467
ASTS,86.64,32,37,83,97,2468
TCI,86.62,31,41,16,83,2469
SPOT,86.62,31,19,14,14,2470
DERM,86.6,31,49,6,59,2471
ULS,86.59,31,53,80,38,2472
ACGLO,86.59,31,31,39,40,2473
AWX,86.59,31,38,35,32,2474
INGN,86.53,31,34,45,14,2475
DEC,86.53,31,36,67,29,2476
AEM,86.51,31,20,71,92,2477
BIPC,86.47,31,30,24,70,2478
ONON,86.43,31,24,16,41,2479
ALC,86.39,31,18,12,29,2480
OCGN,86.3,31,33,81,88,2481
COLL,86.3,31,41,38,70,2482
ASAN,86.29,31,13,4,3,2483
CNVS,86.29,31,32,39,5,2484
MNDO,86.29,31,23,16,28,2485
CIM,86.28,31,48,65,45,2486
TGS,86.28,31,43,40,48,2487
LTRN,86.28,31,60,5,11,2488
MITT,86.25,31,56,55,70,2489
CPHC,86.23,31,35,34,26,2490
WOLF,86.22,31,92,97,25,2491
CNH,86.21,31,27,26,56,2492
CRC,86.18,31,35,71,69,2493
VHC,86.12,31,8,24,79,2494
ONIT,86.11,31,27,35,39,2495
OMCL,86.1,31,79,79,53,2496
LBTYB,86.06,31,29,78,83,2497
IMTX,86.04,31,66,83,79,2498
VUZI,85.97,31,18,78,28,2499
VRSK,85.93,31,24,14,10,2500
PCYO,85.92,31,31,53,32,2501
FURY,85.92,31,26,51,90,2502
WH,85.89,31,31,47,30,2503
TRTX,85.87,31,52,48,52,2504
TPG,85.82,31,22,18,22,2505
SPCE,85.81,30,18,34,14,2506
LE,85.81,30,35,19,81,2507
CHRS,85.79,30,72,79,94,2508
G,85.77,30,10,15,17,2509
FOUR,85.7,30,16,5,10,2510
SRE,85.67,30,52,54,51,2511
CWK,85.67,30,33,40,38,2512
VZLA,85.65,30,14,49,74,2513
CRBP,85.63,30,39,79,19,2514
AQN,85.62,30,32,44,65,2515
LHX,85.6,30,30,47,80,2516
CEPU,85.56,30,62,44,65,2517
VC,85.56,30,39,63,40,2518
AOS,85.51,30,22,16,65,2519
AMRN,85.5,30,34,51,62,2520
DOLE,85.48,30,37,40,58,2521
OSIS,85.47,30,16,25,50,2522
LNN,85.41,30,26,20,48,2523
EPAC,85.4,30,32,19,37,2524
AXR,85.37,30,52,70,38,2525
CRESY,85.36,30,33,38,65,2526
AB,85.29,30,34,43,45,2527
NXE,85.25,30,43,89,91,2528
ATAT,85.24,30,21,50,62,2529
BXSL,85.23,30,32,30,26,2530
SHEN,85.21,30,32,79,50,2531
GLBZ,85.19,30,31,53,34,2532
CME,85.15,30,23,38,59,2533
MAYS,85.14,30,36,53,38,2534
PCOR,85.09,30,8,23,8,2535
WK,85.09,30,11,8,15,2536
TAC,85.09,30,58,48,57,2537
HCA,85.07,30,26,39,80,2538
ARE,85.02,30,23,13,18,2539
LBRT,84.97,30,84,95,92,2540
FOXA,84.96,30,21,51,41,2541
FRPH,84.95,29,39,20,26,2542
NOW,84.93,29,16,7,6,2543
NSSC,84.93,29,38,59,82,2544
KKR,84.92,29,16,21,17,2545
CAE,84.9,29,24,27,66,2546
BBWI,84.9,29,24,14,19,2547
NTGR,84.89,29,24,37,11,2548
CLNN,84.87,29,40,92,24,2549
WHF,84.87,29,27,56,24,2550
OPCH,84.87,29,10,7,63,2551
BMI,84.85,29,16,7,15,2552
LCII,84.8,29,28,51,89,2553
OBDC,84.78,29,31,32,29,2554
CREX,84.76,29,71,85,76,2555
DXR,84.73,29,36,28,78,2556
BTG,84.66,29,18,77,91,2557
PHI,84.63,29,24,29,57,2558
AYTU,84.61,29,22,76,76,2559
RCI,84.61,29,35,57,68,2560
CSR,84.59,29,29,62,48,2561
SNY,84.54,29,30,29,33,2562
CRSP,84.54,29,45,59,40,2563
BEKE,84.5,29,26,50,44,2564
ARHS,84.5,29,31,8,30,2565
CAR,84.48,29,19,65,29,2566
GSBD,84.45,29,37,39,31,2567
FSV,84.41,29,24,15,27,2568
YMM,84.39,29,17,16,17,2569
FOXF,84.39,29,17,17,33,2570
III,84.38,29,23,23,68,2571
PIPR,84.34,29,22,41,52,2572
ALLT,84.34,29,35,29,66,2573
KVYO,84.33,29,9,4,6,2574
NXT,84.29,29,81,91,95,2575
LXU,84.29,29,51,91,67,2576
NXPI,84.28,29,79,81,59,2577
ICE,84.28,29,16,27,28,2578
CAG,84.26,28,18,12,44,2579
CRUS,84.22,28,58,84,72,2580
FPI,84.19,28,25,39,66,2581
EPRX,84.18,28,50,75,93,2582
AZN,84.16,28,50,60,77,2583
BZ,84.13,28,18,11,33,2584
DDL,84.13,28,18,56,82,2585
GLSI,84.11,28,69,91,98,2586
PEG,84.1,28,40,31,41,2587
BSY,84.05,28,12,14,12,2588
BRSP,84.04,28,44,63,56,2589
OPXS,84.03,28,36,19,86,2590
APPF,83.97,28,25,12,13,2591
LPX,83.95,28,23,18,48,2592
MBUU,83.94,28,24,12,36,2593
PW,83.91,28,45,7,33,2594
TAP,83.9,28,21,21,48,2595
CVNA,83.9,28,27,60,63,2596
STAA,83.86,28,81,75,11,2597
BCE,83.85,28,28,43,58,2598
UHS,83.84,28,15,19,62,2599
RMD,83.83,28,18,14,40,2600
RMBS,83.82,28,70,88,76,2601
WINA,83.74,28,28,26,48,2602
NVAX,83.73,28,71,68,65,2603
AVO,83.68,28,44,48,59,2604
CVR,83.67,28,28,33,75,2605
FOX,83.64,28,20,49,39,2606
PUK,83.59,28,31,60,80,2607
AREC,83.56,28,33,72,97,2608
EQX,83.55,28,22,86,96,2609
VFC,83.55,28,40,72,79,2610
CCEL,83.53,28,19,19,11,2611
WGO,83.5,28,22,20,76,2612
CCU,83.5,28,23,23,57,2613
GNE,83.48,27,25,33,25,2614
LADR,83.48,27,34,41,37,2615
MCD,83.47,27,29,23,46,2616
PEP,83.46,27,39,48,68,2617
TSLX,83.45,27,21,24,31,2618
ASTL,83.44,27,17,54,45,2619
ONEW,83.43,27,23,20,16,2620
PINS,83.43,27,29,20,6,2621
CG,83.38,27,14,31,40,2622
QBTS,83.37,27,51,75,90,2623
VEL,83.36,27,31,34,49,2624
VIV,83.35,27,43,72,84,2625
EYE,83.34,27,11,36,87,2626
DRD,83.27,27,19,81,97,2627
AMT,83.2,27,27,31,30,2628
WFCF,83.15,27,54,84,38,2629
EL,83.11,27,36,41,78,2630
EQT,83.09,27,25,43,39,2631
VINP,83.09,27,28,40,64,2632
IFN,83.07,27,27,21,32,2633
BLND,83.04,27,11,3,4,2634
TPB,83.0,27,53,27,88,2635
GIB,82.99,27,14,12,15,2636
NOC,82.97,27,25,27,77,2637
SPRU,82.97,27,12,78,95,2638
VS,82.94,27,38,16,6,2639
ZUMZ,82.91,27,20,80,82,2640
MDXG,82.9,27,11,4,8,2641
XP,82.88,27,19,42,61,2642
EARN,82.84,27,31,42,40,2643
DKS,82.83,27,42,57,28,2644
NAK,82.83,27,43,86,94,2645
DUOL,82.81,27,19,4,2,2646
XYL,82.79,27,23,17,26,2647
STWD,82.77,27,30,39,36,2648
HHH,82.75,27,40,19,45,2649
MYND,82.75,27,20,3,8,2650
OWL,82.74,26,15,9,11,2651
AGRO,82.72,26,44,86,39,2652
CRM,82.72,26,12,16,11,2653
HE,82.7,26,44,64,87,2654
CPB,82.7,26,25,8,24,2655
APP,82.53,26,67,45,37,2656
GFI,82.52,26,21,75,96,2657
NEPH,82.52,26,26,25,86,2658
EIC,82.45,26,35,33,19,2659
CULP,82.44,26,26,29,19,2660
SUZ,82.43,26,20,27,65,2661
CLPS,82.42,26,26,22,71,2662
FCN,82.39,26,26,32,27,2663
TRC,82.36,26,45,69,38,2664
NMRK,82.31,26,41,46,53,2665
KLRS,82.28,26,24,52,97,2666
ASTE,82.27,26,56,58,82,2667
CSV,82.24,26,18,46,42,2668
GOF,82.24,26,29,29,30,2669
VRCA,82.23,26,47,87,64,2670
SPOK,82.18,26,16,13,25,2671
MARA,82.16,26,44,56,3,2672
TBB,82.1,26,31,36,37,2673
INGR,82.1,26,19,24,37,2674
MELI,82.06,26,21,16,26,2675
JANX,82.06,26,36,12,3,2676
LMND,82.02,26,75,42,84,2677
CMCSA,82.0,26,16,21,58,2678
TW,81.98,26,18,23,29,2679
BIDU,81.98,26,37,72,83,2680
LOW,81.97,26,25,28,66,2681
NYC,81.97,26,32,15,25,2682
SEVN,81.97,26,31,28,23,2683
BTU,81.96,26,28,41,94,2684
GRNT,81.89,26,25,39,32,2685
SGRY,81.84,26,45,16,14,2686
LBTYA,81.75,26,28,58,46,2687
CNDT,81.68,25,15,28,5,2688
VICI,81.67,25,27,34,33,2689
GEL,81.64,25,26,44,70,2690
CRNC,81.64,25,45,57,13,2691
BIRK,81.59,25,49,26,21,2692
JOB,81.58,25,33,73,60,2693
UIS,81.55,25,78,52,6,2694
OR,81.49,25,17,66,91,2695
ASLE,81.46,25,23,25,48,2696
PSBD,81.45,25,31,34,27,2697
HITI,81.44,25,21,43,23,2698
KBR,81.44,25,20,9,20,2699
RVP,81.42,25,33,31,18,2700
WLK,81.4,25,17,64,76,2701
SNN,81.4,25,27,26,61,2702
UAMY,81.39,25,75,95,97,2703
SOFI,81.36,25,22,14,37,2704
TGLS,81.36,25,17,7,19,2705
BOOT,81.35,25,30,33,68,2706
GXO,81.31,25,26,41,78,2707
STNE,81.27,25,17,15,71,2708
CRTO,81.23,25,56,11,10,2709
ADSK,81.22,25,11,25,16,2710
BHFAP,81.21,25,30,32,30,2711
LAZ,81.18,25,21,30,51,2712
JYNT,81.17,25,31,26,24,2713
ORA,81.15,25,47,70,85,2714
ASO,81.1,25,16,54,71,2715
CCJ,81.1,25,37,82,93,2716
PSHG,81.05,25,22,27,59,2717
RARE,80.96,25,80,29,10,2718
DCBO,80.96,25,21,22,9,2719
NOA,80.96,25,28,32,35,2720
T,80.95,25,16,32,56,2721
ATEC,80.95,25,9,2,24,2722
POCI,80.9,25,58,31,43,2723
ADBE,80.87,24,11,16,10,2724
VIRC,80.86,24,29,19,12,2725
WYNN,80.85,24,22,30,55,2726
CWCO,80.83,24,21,49,68,2727
JRVR,80.83,24,13,10,71,2728
IMXI,80.82,24,44,71,68,2729
BABA,80.81,24,16,33,69,2730
CSIQ,80.78,24,40,76,87,2731
NCDL,80.78,24,36,54,27,2732
LRN,80.74,24,28,22,21,2733
CWEN,80.73,24,34,63,80,2734
ATS,80.72,24,29,73,50,2735
ORN,80.71,24,86,87,91,2736
DGXX,80.65,24,93,98,17,2737
MRKR,80.63,24,64,62,86,2738
CTSH,80.6,24,5,8,28,2739
BOSC,80.59,24,26,30,47,2740
MNOV,80.53,24,43,28,42,2741
SLRC,80.53,24,24,26,34,2742
GSM,80.52,24,11,31,82,2743
PAC,80.49,24,34,38,82,2744
MMLP,80.47,24,19,26,21,2745
LUCD,80.47,24,24,25,52,2746
ELLO,80.43,24,17,65,91,2747
AGCO,80.36,24,38,43,77,2748
POOL,80.36,24,18,8,28,2749
HUN,80.34,24,37,84,80,2750
GWRS,80.34,24,16,11,24,2751
CAVA,80.32,24,23,58,33,2752
CXDO,80.31,24,70,87,33,2753
BNTX,80.25,24,30,23,39,2754
TG,80.24,24,23,75,55,2755
RBA,80.24,24,51,29,54,2756
WVVIP,80.24,24,30,25,34,2757
MKC,80.23,24,26,9,34,2758
CHDN,80.2,24,23,26,27,2759
RDY,80.18,23,42,32,40,2760
ALG,80.18,23,21,18,57,2761
EXE,80.13,23,23,27,31,2762
BFAM,80.12,23,14,9,13,2763
DBVT,80.07,23,52,83,98,2764
PRTA,80.03,23,53,74,28,2765
PEPG,80.02,23,32,14,99,2766
SAR,80.01,23,17,43,48,2767
BMEA,79.96,23,11,52,14,2768
META,79.96,23,32,28,36,2769
XPOF,79.94,23,18,10,37,2770
EDN,79.94,23,35,13,24,2771
ROAD,79.89,23,24,72,77,2772
CTMX,79.89,23,54,87,99,2773
RWT,79.88,23,23,52,39,2774
MSN,79.87,23,23,38,16,2775
LBTYK,79.86,23,26,51,44,2776
PNBK,79.77,23,13,7,24,2777
OEC,79.73,23,15,47,34,2778
GNSS,79.69,23,32,43,29,2779
VNT,79.67,23,12,12,46,2780
NNDM,79.66,23,27,57,72,2781
BKE,79.59,23,16,57,58,2782
GAU,79.58,23,19,74,94,2783
ADNT,79.56,23,20,58,82,2784
NXPL,79.51,23,72,44,15,2785
CARV,79.46,23,18,27,14,2786
BLDP,79.45,23,78,95,54,2787
SSYS,79.42,23,20,14,52,2788
LOPE,79.4,23,18,28,23,2789
ITRG,79.39,23,30,57,95,2790
CTXR,79.38,23,3,9,12,2791
GIFT,79.37,23,23,11,17,2792
NCNO,79.35,23,16,15,10,2793
NXRT,79.34,23,43,32,27,2794
CGBD,79.3,23,28,34,30,2795
CRH,79.28,23,27,39,65,2796
MESO,79.27,22,27,43,50,2797
IBM,79.2,22,62,18,53,2798
MLM,79.19,22,28,30,58,2799
GIS,79.18,22,22,10,36,2800
VERU,79.08,22,21,12,9,2801
SOHU,79.05,22,21,54,64,2802
CTM,79.01,22,12,12,13,2803
MCI,78.99,22,29,22,46,2804
CDRE,78.97,22,17,13,55,2805
AIV,78.95,22,32,36,39,2806
OTIS,78.88,22,18,17,33,2807
NVR,78.88,22,28,14,50,2808
GAP,78.87,22,13,37,66,2809
STEP,78.86,22,12,29,35,2810
PLUG,78.84,22,45,95,73,2811
TRI,78.84,22,13,13,5,2812
ARMP,78.83,22,59,97,99,2813
RDDT,78.8,22,63,45,14,2814
KC,78.79,22,14,68,49,2815
YELP,78.78,22,22,29,10,2816
RAND,78.78,22,20,20,13,2817
ZH,78.77,22,18,18,20,2818
PTLO,78.75,22,10,6,17,2819
JVA,78.75,22,20,77,17,2820
NDRA,78.74,22,44,42,11,2821
KEQU,78.73,22,26,25,21,2822
BTMD,78.71,22,48,16,8,2823
NRP,78.7,22,29,55,63,2824
EVLV,78.69,22,28,73,41,2825
SLVM,78.6,22,21,21,38,2826
CC,78.59,22,60,91,89,2827
WMG,78.59,22,37,60,34,2828
FSK,78.58,22,22,12,17,2829
BR,78.52,22,12,9,12,2830
BEPC,78.47,22,30,38,77,2831
FORTY,78.45,22,24,72,58,2832
DXC,78.44,21,9,6,25,2833
MOS,78.42,21,10,12,54,2834
NIO,78.42,21,29,66,34,2835
NOG,78.41,21,8,50,48,2836
VSTM,78.37,21,20,8,20,2837
SBAC,78.35,21,24,53,26,2838
ICL,78.35,21,23,27,20,2839
GDDY,78.31,21,15,11,6,2840
ASR,78.3,21,22,28,72,2841
POLA,78.28,21,15,37,8,2842
BAER,78.28,21,35,21,86,2843
EGAN,78.27,21,11,30,73,2844
EQS,78.25,21,13,29,38,2845
OXLC,78.25,21,15,20,9,2846
VNDA,78.22,21,44,69,92,2847
MOMO,78.21,21,26,32,27,2848
JBTM,78.19,21,41,36,70,2849
SEED,78.12,21,17,35,18,2850
FINW,78.12,21,16,14,32,2851
RPT,78.07,21,42,38,33,2852
PRGO,78.03,21,10,8,15,2853
NOAH,77.99,21,31,34,49,2854
PSFE,77.99,21,20,36,4,2855
WB,77.98,21,16,27,41,2856
CIA,77.98,21,65,42,59,2857
QRHC,77.97,21,20,4,38,2858
KLXE,77.96,21,58,89,47,2859
GPK,77.95,21,13,6,7,2860
SUPV,77.93,21,56,6,29,2861
FINV,77.9,21,16,17,14,2862
OXSQ,77.74,21,25,35,28,2863
INFY,77.68,21,9,14,24,2864
RUM,77.67,21,33,71,15,2865
NKTX,77.66,21,87,82,31,2866
NRG,77.66,21,23,51,56,2867
SGLY,77.65,21,2,12,5,2868
TKC,77.64,20,31,49,57,2869
^VIX,77.63,20,34,37,71,2870
TLK,77.62,20,16,27,67,2871
FUN,77.6,20,30,42,16,2872
PPIH,77.58,20,24,83,91,2873
LAND,77.5,20,24,43,62,2874
NAVI,77.45,20,18,16,18,2875
IRTC,77.39,20,22,11,35,2876
INSE,77.39,20,32,19,36,2877
TTEC,77.37,20,7,17,12,2878
LUNR,77.28,20,51,97,88,2879
STZ,77.27,20,23,28,48,2880
PBH,77.25,20,13,13,29,2881
AMSF,77.23,20,34,12,24,2882
PAHC,77.22,20,14,61,90,2883
BRN,77.21,20,26,34,16,2884
RAIL,77.21,20,21,20,88,2885
SAM,77.15,20,15,20,58,2886
CLPR,77.11,20,21,21,26,2887
WU,77.07,20,29,43,58,2888
SRL,77.05,20,13,22,83,2889
PWP,77.02,20,12,22,61,2890
TPVG,76.97,20,24,50,33,2891
DIT,76.84,20,21,64,31,2892
CCAP,76.83,20,23,37,33,2893
FICO,76.82,20,26,11,16,2894
TLN,76.79,20,50,65,62,2895
MLCO,76.79,20,11,13,20,2896
NEN,76.7,20,24,22,22,2897
TWI,76.65,20,18,25,82,2898
KR,76.65,20,24,30,43,2899
REFI,76.6,20,31,38,26,2900
LUMN,76.55,20,39,84,82,2901
LUCK,76.5,20,13,46,18,2902
UONEK,76.43,20,9,30,77,2903
IONQ,76.39,19,57,74,16,2904
CLRO,76.39,19,97,3,48,2905
WPRT,76.38,19,29,18,13,2906
CNM,76.34,19,19,22,46,2907
TMUS,76.34,19,21,25,26,2908
BAH,76.34,19,9,15,15,2909
COTY,76.33,19,11,10,5,2910
MMS,76.31,19,13,17,34,2911
PAX,76.29,19,16,27,47,2912
GT,76.28,19,14,8,56,2913
AENT,76.26,19,21,86,87,2914
IZEA,76.25,19,45,71,41,2915
AMPX,76.24,19,57,97,96,2916
BRCC,76.21,19,58,67,3,2917
EBS,76.21,19,28,46,72,2918
IIIV,76.19,19,20,30,11,2919
NMFC,76.13,19,22,37,20,2920
KNF,76.02,19,41,56,29,2921
CHWY,75.93,19,7,9,11,2922
GROV,75.92,19,27,28,45,2923
RLX,75.91,19,21,30,53,2924
AHT,75.9,19,16,8,7,2925
SKIL,75.88,19,68,14,2,2926
CE,75.81,19,23,67,75,2927
DLHC,75.76,19,26,52,36,2928
GRAB,75.72,19,19,14,16,2929
GEVO,75.66,19,13,67,46,2930
TOUR,75.64,19,12,35,13,2931
XNET,75.63,19,23,63,63,2932
CMCL,75.62,19,9,49,92,2933
PHR,75.56,19,13,4,4,2934
MAT,75.48,19,12,15,17,2935
FTEK,75.46,19,38,37,23,2936
WLDN,75.37,19,23,54,94,2937
SCWO,75.37,19,10,12,20,2938
SGA,75.33,19,13,31,32,2939
QTRX,75.31,19,15,2,58,2940
PATK,75.27,18,12,22,86,2941
HRZN,75.27,18,25,10,34,2942
MFIC,75.22,18,23,46,31,2943
GPOR,75.16,18,20,27,43,2944
FISK,75.13,18,23,13,25,2945
CHKP,75.12,18,14,4,21,2946
LEN,75.1,18,17,13,35,2947
MBC,75.06,18,36,6,55,2948
SANG,75.06,18,19,16,20,2949
ONCY,74.98,18,12,57,40,2950
LVS,74.94,18,20,41,56,2951
LMAT,74.88,18,53,73,33,2952
OCUL,74.88,18,49,39,34,2953
MTRX,74.87,18,51,31,16,2954
UI,74.86,18,18,87,88,2955
SBC,74.85,18,7,16,68,2956
RTO,74.81,18,47,70,75,2957
RXST,74.81,18,5,7,9,2958
STKS,74.81,18,16,19,18,2959
TRMB,74.78,18,9,19,20,2960
WW,74.72,18,19,1,19,2961
CNXC,74.72,18,4,4,19,2962
CEG,74.68,18,13,42,20,2963
SBSW,74.66,18,11,83,98,2964
GILT,74.65,18,29,92,88,2965
NTLA,74.65,18,85,73,70,2966
LGMK,74.65,18,15,1,0,2967
CSBR,74.54,18,27,28,17,2968
PDYN,74.51,18,15,21,25,2969
AZO,74.5,18,20,28,37,2970
RKT,74.45,18,22,34,67,2971
GBR,74.45,18,17,35,16,2972
JBI,74.45,18,12,7,31,2973
VST,74.43,18,25,25,26,2974
HCKT,74.43,18,5,4,8,2975
WKEY,74.4,18,32,71,30,2976
HUBS,74.34,18,6,4,2,2977
BWXT,74.31,17,34,70,81,2978
PKX,74.19,17,26,90,80,2979
AIRI,74.17,17,28,26,31,2980
CLLS,74.14,17,46,84,91,2981
LII,74.13,17,44,33,39,2982
AMRC,74.09,17,38,75,88,2983
SG,74.09,17,50,29,7,2984
AMR,74.09,17,24,56,66,2985
RSSS,74.06,17,17,33,16,2986
PDD,74.03,17,12,21,19,2987
SACH,74.02,17,22,64,50,2988
AMPH,73.93,17,16,10,40,2989
BGS,73.89,17,29,72,65,2990
VLN,73.87,17,73,88,13,2991
IONR,73.74,17,64,31,53,2992
TSLA,73.71,17,51,63,62,2993
MBI,73.71,17,55,29,35,2994
IONS,73.71,17,76,79,95,2995
SER,73.69,17,11,2,2,2996
MBOT,73.67,17,14,37,21,2997
EPM,73.63,17,28,61,28,2998
CCI,73.59,17,22,40,27,2999
MED,73.58,17,32,22,19,3000
DFH,73.58,17,21,7,29,3001
TASK,73.57,17,6,14,12,3002
NICE,73.54,17,13,30,15,3003
SCYX,73.53,17,10,67,40,3004
KULR,73.41,17,30,9,5,3005
SVC,73.38,17,34,13,47,3006
OFS,73.3,17,15,12,9,3007
GECC,73.29,17,20,18,14,3008
GROY,73.29,17,13,71,95,3009
BHR,73.26,17,14,63,75,3010
ACN,73.25,17,5,10,19,3011
GPMT,73.24,17,14,6,22,3012
FLL,73.23,17,27,51,9,3013
CMMB,73.21,16,25,11,2,3014
GYRE,73.09,16,30,30,21,3015
PASG,73.08,16,2,4,65,3016
RGTI,73.02,16,29,62,41,3017
PZZA,72.99,16,21,17,18,3018
DOYU,72.98,16,12,9,20,3019
NRDY,72.98,16,29,11,14,3020
WVVI,72.9,16,14,22,10,3021
CIGI,72.88,16,13,8,25,3022
CPRI,72.88,16,21,30,33,3023
TOMZ,72.87,16,61,21,14,3024
SNPS,72.82,16,29,55,27,3025
PAR,72.79,16,13,1,2,3026
DTI,72.7,16,11,63,87,3027
RANI,72.62,16,30,38,86,3028
GDS,72.62,16,21,69,85,3029
UUU,72.6,16,18,93,92,3030
SRG,72.57,16,21,19,24,3031
LKQ,72.57,16,15,23,42,3032
COUR,72.49,16,16,12,8,3033
EPAM,72.48,16,3,3,29,3034
CGC,72.48,16,17,31,14,3035
COCP,72.47,16,11,72,8,3036
OWLT,72.46,16,12,10,90,3037
TARA,72.42,16,27,69,90,3038
ESAB,72.4,16,13,17,57,3039
TCX,72.39,16,4,14,33,3040
SKYX,72.3,16,29,20,86,3041
FIS,72.27,16,9,9,10,3042
MDWD,72.15,16,19,31,27,3043
CRMD,72.1,16,32,19,9,3044
GLDG,72.09,16,14,54,90,3045
URG,72.07,16,23,85,90,3046
ALT,72.06,16,16,8,35,3047
QXO,72.0,16,8,40,89,3048
IQ,71.99,16,6,5,25,3049
ARKR,71.95,15,19,36,18,3050
BRID,71.95,15,17,38,31,3051
NG,71.94,15,19,82,95,3052
HDSN,71.93,15,25,7,44,3053
PFLT,71.92,15,19,36,32,3054
OLN,71.9,15,19,74,69,3055
CLNE,71.89,15,32,33,52,3056
NRDS,71.86,15,18,39,21,3057
ALVO,71.86,15,8,3,7,3058
SMSI,71.81,15,10,81,8,3059
AMPY,71.79,15,20,74,70,3060
FTLF,71.78,15,19,5,19,3061
EP,71.73,15,17,11,12,3062
LCTX,71.67,15,29,79,96,3063
ARTW,71.65,15,52,50,38,3064
NABL,71.64,15,6,17,10,3065
OFIX,71.62,15,24,23,25,3066
MNRO,71.59,15,35,52,86,3067
CALC,71.34,15,13,3,0,3068
DCGO,71.24,15,7,3,3,3069
VTS,71.23,15,18,19,36,3070
BLRX,71.22,15,39,31,21,3071
ALHC,71.02,15,53,45,79,3072
ZLAB,71.0,15,16,15,12,3073
MDAI,70.98,15,24,82,22,3074
FSI,70.95,15,31,57,27,3075
EUDA,70.85,15,20,1,0,3076
NKE,70.79,15,14,8,33,3077
OGCP,70.78,15,23,13,21,3078
LDOS,70.77,15,6,9,39,3079
TYL,70.73,15,12,10,8,3080
GME,70.71,15,31,41,39,3081
LBRDA,70.7,15,3,5,28,3082
BV,70.67,15,54,29,37,3083
AI,70.63,15,8,6,5,3084
HSAI,70.63,15,8,36,76,3085
GOTU,70.59,15,10,10,12,3086
DRIO,70.56,14,10,7,29,3087
CHPT,70.55,14,13,11,4,3088
LBRDK,70.54,14,3,5,27,3089
PRTS,70.51,14,20,75,22,3090
ELUT,70.43,14,29,19,10,3091
CION,70.43,14,16,19,30,3092
INDI,70.38,14,77,68,41,3093
KOSS,70.38,14,22,21,18,3094
VNET,70.36,14,32,37,90,3095
ACIU,70.36,14,19,60,72,3096
LULU,70.35,14,5,8,16,3097
KTOS,70.34,14,9,26,93,3098
GOGO,70.33,14,5,10,2,3099
INV,70.24,14,38,92,12,3100
ECX,70.19,14,15,7,36,3101
SYPR,70.16,14,22,83,93,3102
CTGO,70.1,14,9,76,93,3103
HLI,70.03,14,15,21,28,3104
YSG,69.98,14,13,4,14,3105
PFSI,69.96,14,13,24,17,3106
ALEC,69.94,14,22,79,78,3107
ISRG,69.94,14,18,23,24,3108
UEC,69.91,14,24,83,94,3109
SENS,69.81,14,8,4,19,3110
TTSH,69.73,14,9,5,4,3111
VYGR,69.7,14,31,57,29,3112
TMDX,69.67,14,5,4,71,3113
CHTR,69.66,14,3,4,24,3114
MGPI,69.65,14,11,10,26,3115
SITE,69.62,14,17,26,71,3116
ESBA,69.62,14,27,16,17,3117
AIFU,69.62,14,15,4,2,3118
SNES,69.61,14,5,8,4,3119
UPST,69.59,14,15,6,9,3120
TSCO,69.57,14,5,3,35,3121
HCM,69.51,14,11,22,44,3122
ANVS,69.49,13,14,48,51,3123
SNAP,69.48,13,9,28,5,3124
RMTI,69.48,13,4,14,30,3125
KPLT,69.46,13,28,17,20,3126
KRUS,69.45,13,18,19,70,3127
SMID,69.37,13,28,37,25,3128
HNRG,69.32,13,30,33,61,3129
UPWK,69.31,13,6,3,23,3130
TCOM,69.26,13,8,20,20,3131
XYF,69.22,13,12,6,3,3132
ICU,69.16,13,82,46,1,3133
DOX,69.01,13,8,14,18,3134
NFLX,68.98,13,10,23,13,3135
THCH,68.94,13,11,18,9,3136
CLB,68.89,13,11,29,79,3137
KNDI,68.82,13,10,6,19,3138
HDB,68.73,13,17,9,30,3139
QFIN,68.71,13,15,5,4,3140
ESRT,68.71,13,21,16,18,3141
SCM,68.68,13,13,18,28,3142
TTGT,68.68,13,10,48,14,3143
VRME,68.67,13,11,20,72,3144
BXMT,68.61,13,30,48,54,3145
HUYA,68.59,13,19,33,93,3146
KEP,68.56,13,18,43,94,3147
TUYA,68.55,13,14,55,22,3148
AACG,68.55,13,35,51,15,3149
BBW,68.52,13,6,16,55,3150
CCIF,68.49,13,10,11,14,3151
AWRE,68.48,13,16,7,19,3152
PLRX,68.43,13,20,23,9,3153
TRUP,68.41,13,14,5,13,3154
ARDX,68.4,13,38,72,84,3155
CINT,68.36,13,7,11,29,3156
VFF,68.34,13,18,88,96,3157
FENG,68.33,13,12,20,15,3158
JMIA,68.28,13,28,69,92,3159
PLG,68.1,12,6,37,89,3160
RXRX,68.08,12,22,11,11,3161
DLPN,68.03,12,9,48,72,3162
DOUG,68.02,12,22,23,50,3163
PPSI,67.91,12,39,70,64,3164
MLEC,67.89,12,22,29,0,3165
PED,67.85,12,30,66,34,3166
CURI,67.84,12,11,19,22,3167
CRK,67.81,12,7,8,34,3168
AMBO,67.79,12,22,11,17,3169
ACCS,67.73,12,13,28,13,3170
GRCE,67.7,12,11,10,65,3171
OLLI,67.69,12,4,8,30,3172
IT,67.66,12,5,6,4,3173
SRPT,67.66,12,29,36,11,3174
LEU,67.65,12,11,54,80,3175
ACM,67.65,12,8,10,21,3176
TCRT,67.65,12,7,33,52,3177
BCDA,67.62,12,9,10,9,3178
ASPS,67.61,12,20,31,7,3179
PDSB,67.58,12,16,82,6,3180
YHGJ,67.58,12,12,10,4,3181
NIU,67.52,12,6,22,47,3182
TRDA,67.52,12,15,22,84,3183
RUN,67.42,12,19,40,89,3184
PETS,67.31,12,10,13,26,3185
ULBI,67.31,12,18,32,42,3186
QUBT,67.3,12,16,24,17,3187
SHAK,67.29,12,3,9,31,3188
PNR,67.28,12,11,13,32,3189
RWAY,67.26,12,9,12,26,3190
AESI,67.24,12,73,89,34,3191
GPI,67.21,12,13,30,16,3192
CVRX,67.2,12,8,26,11,3193
KMPR,67.18,12,11,11,9,3194
PSN,67.17,12,19,7,14,3195
CALX,67.01,11,9,15,37,3196
HHS,66.99,11,14,21,16,3197
BLDR,66.89,11,10,6,39,3198
CPRT,66.79,11,11,12,17,3199
TCPC,66.76,11,9,15,15,3200
LPL,66.73,11,25,58,41,3201
SNDL,66.66,11,18,28,21,3202
YTRA,66.54,11,10,32,74,3203
MSB,66.44,11,16,26,66,3204
MITQ,66.33,11,20,17,27,3205
TRAK,66.26,11,21,11,6,3206
SDOT,66.25,11,1,0,1,3207
BILI,66.21,11,10,22,85,3208
CDZI,66.19,11,25,66,67,3209
PULM,66.13,11,28,1,2,3210
BTDR,66.05,11,40,30,17,3211
BARK,66.03,11,19,3,15,3212
KRRO,65.93,11,51,12,4,3213
SYM,65.91,11,10,55,83,3214
PROK,65.89,11,14,65,63,3215
HYPR,65.85,11,46,90,50,3216
RDIB,65.84,11,17,21,84,3217
PLBY,65.81,11,9,61,94,3218
GHG,65.8,11,11,8,9,3219
SAMG,65.8,11,11,25,36,3220
PACB,65.69,11,31,25,75,3221
DSS,65.64,11,6,4,33,3222
OPRX,65.64,11,6,3,19,3223
KD,65.58,11,5,8,2,3224
INTR,65.54,11,10,35,69,3225
NAII,65.53,11,15,15,31,3226
AVAV,65.5,11,7,7,45,3227
PRSO,65.44,11,11,49,31,3228
SMMT,65.3,11,14,30,12,3229
YALA,65.29,11,13,29,55,3230
MREO,65.22,11,5,1,0,3231
SGRP,65.19,10,53,9,8,3232
CNTY,65.16,10,10,25,13,3233
STN,65.14,10,10,19,39,3234
ACB,65.08,10,7,17,9,3235
RBBN,64.99,10,13,47,4,3236
TU,64.97,10,14,23,30,3237
FTHM,64.94,10,24,12,18,3238
AMS,64.88,10,15,21,28,3239
GLOB,64.84,10,2,3,7,3240
PCT,64.83,10,23,38,28,3241
BRBR,64.79,10,4,1,3,3242
PEGA,64.7,10,6,12,11,3243
ORCL,64.59,10,12,52,15,3244
XTNT,64.55,10,7,18,24,3245
BRAG,64.49,10,15,21,7,3246
PTN,64.47,10,23,97,96,3247
NFGC,64.41,10,17,49,92,3248
NVNO,64.39,10,8,3,0,3249
KROS,64.21,10,16,13,70,3250
INSP,64.2,10,6,5,8,3251
INSM,64.2,10,12,60,83,3252
TREE,64.14,10,33,17,21,3253
JBGS,64.12,10,24,26,30,3254
RDCM,64.11,10,52,74,25,3255
RPID,64.11,10,5,18,77,3256
PHAR,64.08,10,33,30,79,3257
PMCB,64.05,10,21,23,12,3258
UUUU,64.05,10,43,95,99,3259
LFCR,64.01,10,14,7,40,3260
PLAY,63.98,10,5,3,28,3261
DTST,63.95,10,17,35,40,3262
ADTN,63.82,10,70,91,63,3263
PPC,63.81,10,10,7,41,3264
PRIM,63.8,10,10,26,92,3265
ORGO,63.76,10,12,3,19,3266
LPCN,63.76,10,17,4,99,3267
MNSO,63.75,9,7,12,28,3268
ELME,63.74,9,7,22,25,3269
SCNX,63.67,9,6,4,2,3270
FWRD,63.61,9,3,1,72,3271
FLO,63.51,9,18,6,19,3272
JELD,63.49,9,8,3,15,3273
NIXX,63.46,9,82,10,1,3274
GLMD,63.45,9,6,6,3,3275
LNSR,63.39,9,10,2,51,3276
CLRB,63.34,9,12,13,10,3277
LEGN,63.29,9,69,62,5,3278
VERX,63.29,9,11,11,3,3279
SRAD,63.29,9,13,5,12,3280
SRTS,63.27,9,9,11,52,3281
AORT,63.26,9,6,7,47,3282
CELH,63.18,9,9,9,67,3283
PRT,63.17,9,8,9,32,3284
TSSI,63.12,9,16,56,7,3285
GOOS,63.1,9,12,52,47,3286
APTV,63.07,9,17,13,58,3287
ELBM,62.99,9,9,6,14,3288
ACI,62.83,9,14,20,28,3289
INTZ,62.82,9,7,4,4,3290
JKS,62.77,9,7,40,71,3291
PLNT,62.73,9,4,2,24,3292
ABAT,62.73,9,19,69,96,3293
ACR,62.65,9,25,63,26,3294
BATL,62.53,9,35,93,97,3295
TIL,62.52,9,12,9,3,3296
DXLG,62.5,9,20,16,3,3297
PHAT,62.47,9,43,93,93,3298
WIX,62.35,9,2,12,3,3299
HGBL,62.3,9,15,17,15,3300
ADMA,62.24,9,9,2,32,3301
CSAN,62.15,9,8,21,34,3302
ARRY,62.14,9,15,56,85,3303
AMSC,62.12,9,34,92,40,3304
MAPS,61.92,8,2,1,8,3305
TME,61.8,8,7,3,32,3306
DOMH,61.79,8,15,21,8,3307
WVE,61.64,8,14,14,92,3308
QNCX,61.52,8,0,2,2,3309
LAB,61.47,8,14,19,33,3310
USNA,61.36,8,34,16,21,3311
BRNS,61.33,8,16,11,11,3312
ARCT,61.13,8,11,43,8,3313
SIEB,60.93,8,7,4,21,3314
PNNT,60.91,8,7,15,20,3315
CLIR,60.8,8,4,9,16,3316
AVXL,60.61,8,5,2,3,3317
EVH,60.59,8,84,26,2,3318
KRKR,60.56,8,5,13,14,3319
INVE,60.44,8,12,81,29,3320
XELB,60.42,8,34,89,70,3321
ALGS,60.41,8,14,33,31,3322
WHR,60.3,8,3,4,67,3323
ACHR,60.16,8,6,13,12,3324
SPWH,60.0,8,8,16,7,3325
CLVT,59.99,8,10,32,3,3326
COIN,59.92,8,7,29,4,3327
JG,59.88,8,4,23,32,3328
AVD,59.86,8,13,5,43,3329
OGI,59.85,8,6,32,23,3330
SBET,59.64,8,4,51,25,3331
FUTU,59.58,8,5,38,48,3332
LOT,59.58,8,14,15,8,3333
SMPL,59.52,8,8,3,7,3334
MP,59.42,8,46,85,91,3335
OCCI,59.4,8,10,14,19,3336
EAF,59.4,8,4,34,8,3337
IH,59.37,8,11,13,23,3338
CDXS,59.3,8,64,89,4,3339
CANF,59.3,8,7,2,1,3340
LIVE,59.19,7,6,13,88,3341
BCTX,59.12,7,3,5,1,3342
OGEN,59.1,7,9,4,2,3343
LI,59.05,7,5,19,18,3344
OI,58.93,7,12,6,66,3345
BKKT,58.93,7,7,16,10,3346
GWAV,58.86,7,3,3,1,3347
ERII,58.76,7,8,5,54,3348
YCBD,58.73,7,19,37,12,3349
ROL,58.67,7,15,24,64,3350
BCYC,58.64,7,8,9,11,3351
XPEV,58.55,7,8,15,20,3352
ZG,58.48,7,5,7,6,3353
BSX,58.44,7,4,5,11,3354
BMRA,58.32,7,7,20,12,3355
BRFH,58.23,7,7,18,30,3356
INTU,57.72,7,3,10,8,3357
STXS,57.67,7,14,17,16,3358
DOMO,57.66,7,9,2,3,3359
ALNY,57.65,7,25,21,26,3360
IMTE,57.44,7,9,5,7,3361
VITL,57.31,7,5,0,12,3362
STLA,57.24,7,4,24,11,3363
RC,57.23,7,12,9,4,3364
IDN,57.19,7,7,94,83,3365
APRE,57.19,7,13,36,1,3366
SID,57.09,7,5,17,69,3367
SINT,56.95,7,4,15,23,3368
PRCT,56.9,7,6,10,11,3369
BQ,56.9,7,5,2,3,3370
FLUT,56.82,7,7,2,5,3371
PODD,56.79,7,6,3,17,3372
Z,56.73,7,5,6,6,3373
FMC,56.68,7,3,9,13,3374
COE,56.57,7,6,21,33,3375
AMTX,56.56,7,8,87,13,3376
ZKIN,56.53,6,14,7,10,3377
YI,56.5,6,19,30,85,3378
ARBE,56.41,6,8,5,9,3379
TLRY,56.21,6,4,15,21,3380
ODD,56.15,6,6,1,7,3381
INLX,56.12,6,10,9,14,3382
SLI,56.09,6,10,82,95,3383
GYRO,56.0,6,9,18,35,3384
SQFT,56.0,6,8,34,4,3385
FVRR,55.93,6,9,4,5,3386
AEYE,55.91,6,16,14,4,3387
MIST,55.87,6,11,71,61,3388
AMST,55.82,6,2,1,9,3389
BDTX,55.78,6,9,75,16,3390
MIND,55.68,6,3,10,21,3391
SOUN,55.66,6,9,18,6,3392
LU,55.61,6,4,8,42,3393
JOBY,55.51,6,8,40,26,3394
PCSA,55.5,6,2,10,1,3395
CSGP,55.27,6,3,2,8,3396
WING,55.23,6,10,2,23,3397
EVI,55.2,6,5,24,45,3398
REAX,54.96,6,8,3,8,3399
MSC,54.92,6,4,12,14,3400
FUBO,54.86,6,2,1,2,3401
CWH,54.78,6,6,3,22,3402
ABR,54.75,6,5,18,13,3403
TNXP,54.62,6,11,9,19,3404
BTBT,54.42,6,17,16,7,3405
GRNQ,54.37,6,7,81,82,3406
NPWR,54.29,6,15,20,10,3407
CMTG,54.2,6,15,17,25,3408
SONM,54.09,6,22,3,3,3409
BLNK,54.09,6,9,35,7,3410
NUS,54.0,6,5,16,79,3411
HUMA,53.83,6,9,13,6,3412
SY,53.82,6,3,77,97,3413
WDH,53.81,5,9,33,65,3414
MTVA,53.74,5,5,1,0,3415
ARQ,53.7,5,7,5,21,3416
AAME,53.66,5,8,49,64,3417
DOCS,53.4,5,6,5,2,3418
CBAT,53.36,5,3,25,26,3419
ZTS,53.2,5,4,5,26,3420
EMBC,53.16,5,1,1,12,3421
AISP,53.14,5,8,10,5,3422
INSG,53.06,5,14,94,39,3423
DQ,53.04,5,3,22,55,3424
MYGN,52.86,5,49,24,18,3425
WKHS,52.74,5,4,2,1,3426
SQNS,52.73,5,12,5,1,3427
BETR,52.59,5,20,83,85,3428
NAGE,52.4,5,3,8,11,3429
NCPL,52.38,5,18,1,1,3430
REKR,52.37,5,5,14,5,3431
GPUS,52.27,5,3,1,1,3432
VTSI,52.24,5,7,16,19,3433
SNOA,52.2,5,1,1,24,3434
GAIA,52.02,5,4,6,10,3435
TIGR,51.92,5,3,8,22,3436
MTR,51.71,5,6,29,25,3437
EVGO,51.69,5,8,4,25,3438
MNTS,51.42,5,24,2,0,3439
TTD,51.31,5,5,5,3,3440
GTBP,51.22,5,12,2,2,3441
LPSN,51.15,5,1,2,1,3442
LTBR,51.13,5,5,35,26,3443
LDI,51.11,5,6,13,49,3444
DARE,51.03,5,37,82,13,3445
ATNM,50.99,5,10,39,19,3446
FKWL,50.97,5,5,15,22,3447
BEEM,50.91,5,7,53,8,3448
RBLX,50.81,5,11,2,14,3449
CXAI,50.75,4,3,1,0,3450
SIGA,50.71,4,7,14,43,3451
HAIN,50.67,4,2,3,4,3452
CTSO,50.62,4,3,15,12,3453
NTRB,50.52,4,6,6,10,3454
BYSI,50.45,4,30,21,13,3455
RNTX,50.36,4,9,29,13,3456
ENSC,50.35,4,1,1,0,3457
CODX,50.1,4,32,5,0,3458
HUDI,49.94,4,10,36,21,3459
LMB,49.9,4,17,11,39,3460
SOS,49.79,4,6,6,5,3461
HUIZ,49.51,4,4,11,12,3462
ALDX,49.25,4,17,1,76,3463
EVO,49.18,4,20,17,33,3464
GORO,48.68,4,70,56,96,3465
IPX,48.55,4,24,24,80,3466
UAVS,48.16,4,7,32,12,3467
ENVX,47.86,4,6,22,8,3468
NHTC,47.84,4,4,14,32,3469
SPRO,47.62,4,19,92,94,3470
BYND,47.54,4,9,9,2,3471
NTRP,47.34,4,7,21,15,3472
GPRO,47.3,4,10,78,27,3473
WWR,46.93,4,6,17,54,3474
SPRY,46.49,4,15,15,21,3475
APVO,46.43,4,5,1,0,3476
CMCM,46.43,4,2,35,54,3477
CRGO,46.24,4,4,17,7,3478
AQMS,46.1,4,4,24,6,3479
BTAI,46.09,4,3,6,13,3480
CMTL,46.0,4,3,83,98,3481
CHR,45.99,4,1,0,0,3482
CABO,45.89,4,1,2,13,3483
LVWR,45.85,4,1,9,30,3484
OCS,45.83,4,6,86,88,3485
LX,45.79,3,6,3,4,3486
NXTC,45.64,3,0,82,94,3487
DAVA,45.59,3,2,2,3,3488
CCB,45.46,3,14,14,23,3489
CRDF,45.29,3,4,17,6,3490
ATER,45.08,3,84,71,5,3491
BYRN,44.97,3,1,0,7,3492
TYGO,44.83,3,21,97,98,3493
SKYE,44.4,3,6,8,1,3494
LFT,44.35,3,7,11,10,3495
LOCL,43.99,3,4,7,14,3496
OMEX,43.94,3,2,12,90,3497
THRY,43.8,3,16,5,2,3498
MSTR,43.67,3,3,23,2,3499
SJT,43.66,3,4,8,36,3500
LEXX,43.44,3,9,10,6,3501
INO,43.27,3,16,10,26,3502
EU,43.0,3,3,7,58,3503
FULC,42.93,3,2,28,94,3504
SMR,42.88,3,3,4,6,3505
METC,42.88,3,13,19,71,3506
IVDA,42.74,3,6,1,0,3507
PROP,42.71,3,1,1,7,3508
PLUR,42.63,3,3,20,19,3509
SLQT,42.1,3,10,14,2,3510
LOOP,41.79,3,4,59,43,3511
ARBK,41.7,3,7,2,0,3512
UCL,41.49,3,3,6,25,3513
GWH,41.39,3,4,1,4,3514
ATYR,41.37,3,8,12,7,3515
BEAT,41.21,3,1,5,16,3516
EOSE,41.15,3,10,21,84,3517
UWMC,41.09,3,2,13,27,3518
MCRB,41.01,3,5,6,54,3519
UONE,40.93,3,4,3,27,3520
BGM,40.71,3,2,0,0,3521
IMMP,40.62,3,5,0,86,3522
EXOD,40.51,2,2,2,1,3523
NCNA,39.89,2,2,3,1,3524
QNTM,39.54,2,3,11,1,3525
OLB,39.33,2,3,7,1,3526
BRTX,39.24,2,8,0,0,3527
IMNN,38.92,2,2,4,6,3528
WKSP,38.72,2,3,2,2,3529
NSPR,38.46,2,1,3,14,3530
BTCS,38.15,2,2,27,5,3531
AUID,38.1,2,13,2,3,3532
VERI,37.98,2,2,7,44,3533
OPTT,37.97,2,4,11,22,3534
IVVD,37.76,2,8,86,81,3535
GETY,37.6,2,8,4,5,3536
BHST,37.5,2,3,6,11,3537
BLNE,37.43,2,3,23,85,3538
PSIX,37.08,2,2,71,91,3539
JFIN,36.77,2,2,4,7,3540
SCKT,36.77,2,5,13,32,3541
INDP,36.73,2,65,8,1,3542
AREN,36.66,2,0,4,20,3543
IXHL,36.64,2,15,5,34,3544
SLE,36.57,2,1,2,0,3545
SOC,36.37,2,0,79,8,3546
REFR,36.27,2,2,5,8,3547
ANEB,36.16,2,1,4,1,3548
RMCF,36.1,2,4,84,93,3549
DFLI,35.81,2,7,4,3,3550
UXIN,35.76,2,3,11,33,3551
INUV,35.57,2,1,8,5,3552
INVZ,35.14,2,8,7,14,3553
CLGN,35.09,2,4,1,1,3554
SOBR,34.93,2,7,46,0,3555
MERC,34.87,2,1,2,7,3556
CDLX,34.87,2,0,3,4,3557
GRI,34.82,2,1,1,0,3558
RKDA,34.69,1,1,1,2,3559
WLFC,33.91,1,87,84,83,3560
ICMB,33.7,1,1,5,66,3561
ARAY,33.54,1,1,1,1,3562
FLUX,32.86,1,2,5,11,3563
NEON,32.81,1,2,2,1,3564
XCUR,32.52,1,1,5,13,3565
RIME,32.31,1,1,1,1,3566
IPDN,32.01,1,2,2,4,3567
NYXH,31.83,1,2,3,12,3568
SST,31.62,1,5,30,11,3569
EVTL,31.25,1,2,5,28,3570
SSTK,31.22,1,2,26,18,3571
ERNA,31.13,1,3,2,0,3572
YRD,31.06,1,1,1,7,3573
NMTC,31.04,1,6,31,33,3574
ELTX,30.51,1,1,68,43,3575
UPLD,30.26,1,2,5,3,3576
AIM,29.99,1,0,0,1,3577
ATOS,29.57,1,1,10,1,3578
CMCT,28.86,1,0,0,2,3579
MVST,28.72,1,2,8,24,3580
LIQT,28.42,1,1,77,21,3581
VRRM,27.65,1,0,7,15,3582
CAPR,27.62,1,87,98,99,3583
KPTI,27.35,1,93,89,79,3584
SOAR,27.17,1,1,0,0,3585
XAIR,27.05,1,1,0,3,3586
CAN,26.88,1,3,9,4,3587
TPST,26.82,1,1,2,0,3588
MODD,26.63,1,2,0,6,3589
ADCT,26.03,1,1,77,93,3590
NFE,25.46,1,1,1,5,3591
CELZ,24.76,1,1,38,8,3592
VVOS,24.64,1,0,0,4,3593
BOXL,24.5,1,1,0,0,3594
PSQH,23.98,0,2,4,1,3595
MVIS,23.61,0,2,10,7,3596
ENGN,23.39,0,0,0,95,3597
AREB,23.22,0,95,0,0,3598
DRCT,23.19,0,2,0,0,3599
FNGR,22.65,0,0,4,12,3600
CRIS,22.53,0,0,1,7,3601
FLD,22.39,0,0,4,1,3602
GOSS,22.23,0,0,0,83,3603
ASNS,22.02,0,0,0,0,3604
PPBT,21.6,0,0,2,2,3605
RVPH,21.23,0,1,0,2,3606
SOHOO,20.97,0,0,11,56,3607
ZEPP,19.39,0,2,78,99,3608
ALAR,19.08,0,0,27,7,3609
TOPS,18.99,0,0,1,19,3610
SDST,17.52,0,4,4,12,3611
VTAK,17.25,0,30,1,5,3612
BNZI,17.12,0,0,0,2,3613
VNRX,16.94,0,0,0,3,3614
CRMT,15.9,0,0,2,13,3615
CANG,15.61,0,0,2,2,3616
VSEE,14.09,0,0,0,1,3617
BURU,12.09,0,1,0,7,3618
PHGE,11.35,0,0,0,7,3619
GNPX,10.68,0,0,0,1,3620
XXII,10.02,0,0,0,0,3621
FTFT,8.65,0,0,1,0,3622
RBOT,7.37,0,0,0,1,3623
SOHOB,5.77,0,4,18,57,3624
KALA,5.27,0,0,0,0,3625
WHLR,4.21,0,0,0,0,3626
GMM,3.54,0,0,9,5,3627
VIVK,2.5,0,0,0,0,3628
EZGO,1.49,0,0,0,1,3629
WINT,0.54,0,8,7,0,3630
SOHON,0.27,0,4,45,40,3631
